Row.names,VIP,Kingdom,Phylum,Class,Order,Family,Genus,Species
0010e833d3dc539f50fac9624df82123,1.407091878,Bacteria,Proteobacteria,Alphaproteobacteria,Rhodospirillales,Acetobacteraceae,NA,NA
002d1325ce36859537997dabd88f91a2,1.175189998,Bacteria,Acidobacteria,Acidobacteriia,Acidobacteriales,Acidobacteriaceae,NA,NA
00c46b4b53f857b00af922624727368b,1.562703921,Bacteria,Proteobacteria,Alphaproteobacteria,Rickettsiales,mitochondria,NA,NA
00ff0650a03ce436b6b7c4d7fb5983b5,1.164192709,Bacteria,Firmicutes,Bacilli,Bacillales,Bacillaceae,Anoxybacillus,NA
0104f2e00e3a13bec586dfe20932acb3,1.23048528,Archaea,Crenarchaeota,MBGA,NRP-J,NA,NA,NA
015532a1401c30fcbca4d554f576050a,1.138709466,Bacteria,Chlamydiae,Chlamydiia,Chlamydiales,Parachlamydiaceae,Candidatus Protochlamydia,NA
018be79a514c3f2049576013ac72ff89,1.93890702,Bacteria,Actinobacteria,Actinobacteria,Actinomycetales,Mycobacteriaceae,Mycobacterium,NA
03066e94d2ab6336c72d7f39669aaddc,1.179687523,Bacteria,Acidobacteria,Acidobacteriia,Acidobacteriales,Koribacteraceae,Candidatus Koribacter,NA
03237bcf7d0719c4034ae2556a7c764d,1.731458488,Bacteria,Proteobacteria,Alphaproteobacteria,Rhizobiales,Methylocystaceae,NA,NA
03854f75e4beaa3c304c0ede04e1d16b,1.065997942,Bacteria,Chlamydiae,Chlamydiia,Chlamydiales,NA,NA,NA
040fadba6405600be01f87a04a9fcd31,1.133485595,Bacteria,Acidobacteria,Holophagae,Holophagales,Holophagaceae,NA,NA
044f2d08c208d86d0e9b8d9f1b4374fe,1.31893333,Bacteria,Acidobacteria,Solibacteres,Solibacterales,NA,NA,NA
048d9203435e698cbe619323b2f1453d,1.316031928,Bacteria,OD1,NA,NA,NA,NA,NA
050b91289b9c5a45001388684492ef7e,1.540383866,Bacteria,Acidobacteria,Acidobacteriia,Acidobacteriales,Koribacteraceae,NA,NA
0535ec0301cf4e5384ebb9fe1c540d22,1.455478111,Bacteria,Verrucomicrobia,[Pedosphaerae],[Pedosphaerales],NA,NA,NA
05afc218153c23478689ae6cbd00ce77,1.009039197,Bacteria,Proteobacteria,Alphaproteobacteria,Rickettsiales,mitochondria,NA,NA
0601f4eb81b33b1748a7f2e4486fff03,1.005361499,Bacteria,Planctomycetes,Planctomycetia,Gemmatales,Gemmataceae,NA,NA
062bff95c2ff24ca139ac558e3be6fe0,1.24770555,Bacteria,Bacteroidetes,Flavobacteriia,Flavobacteriales,Flavobacteriaceae,Polaribacter,NA
06429c3bcf33bbe215406bb713d496ec,1.88663774,Bacteria,Proteobacteria,Alphaproteobacteria,Rhizobiales,Bradyrhizobiaceae,NA,NA
074d50584bce535a09f47dfc369ddc4b,1.267157901,Bacteria,Acidobacteria,DA052,Ellin6513,NA,NA,NA
077ac723e80286c5d9dd9a34c75080c6,1.264153551,Bacteria,OP3,BD4-9,NA,NA,NA,NA
080adf1ef53b72e5f4863ab382e46456,1.405371125,Bacteria,Verrucomicrobia,[Pedosphaerae],[Pedosphaerales],Ellin515,NA,NA
08421b07c072e2f22b002306057f1d48,1.12027974,Bacteria,TM6,SJA-4,NA,NA,NA,NA
08e79b585d2e1c1e89980e206dea0725,1.073653719,Bacteria,Spirochaetes,[Brevinematae],[Brevinematales],NA,NA,NA
092401986e307e8a6589fa107997720e,1.764357385,Bacteria,Verrucomicrobia,[Pedosphaerae],[Pedosphaerales],[Pedosphaeraceae],Pedosphaera,NA
092ef8d7524b1a1654c47c8ebab29789,1.814045391,Bacteria,Acidobacteria,DA052,Ellin6513,NA,NA,NA
093b712d2c0d695a2b0d5dd6bc5b4b29,1.61310296,Bacteria,Proteobacteria,Gammaproteobacteria,Pseudomonadales,Moraxellaceae,Acinetobacter,guillouiae
09434f3c75b78fc3f6abac0693e1bbad,1.624045703,Bacteria,Verrucomicrobia,[Pedosphaerae],[Pedosphaerales],Ellin515,NA,NA
096808535b4ca3cd37edc237502e69ee,1.152070227,Bacteria,Proteobacteria,Alphaproteobacteria,Rhizobiales,Methylocystaceae,NA,NA
0993506612ef5b83a078bfd5bca910ea,1.029616727,Bacteria,TM6,SBRH58,NA,NA,NA,NA
09940546182f132835d93d62e0e0637b,1.631625466,Bacteria,Planctomycetes,Planctomycetia,Planctomycetales,Planctomycetaceae,Planctomyces,NA
09c1c3cc87077f7c113ff5a8c3163283,1.426507223,Bacteria,Proteobacteria,Alphaproteobacteria,Ellin329,NA,NA,NA
09d286c97ec4026eb886a39c1fd65981,1.52767473,Bacteria,Firmicutes,Clostridia,Clostridiales,[Tissierellaceae],Peptoniphilus,NA
0a0af8072dce79526fb0e87252c5f50a,1.879334483,Bacteria,Firmicutes,Clostridia,Clostridiales,Ruminococcaceae,Ethanoligenens,NA
0b07ca67c191f5aed33d02f91a685955,1.130516475,Bacteria,Proteobacteria,Gammaproteobacteria,Legionellales,Coxiellaceae,NA,NA
0b2283a94d86bba43e8b0122922ae107,1.24136933,Archaea,[Parvarchaeota],[Parvarchaea],WCHD3-30,NA,NA,NA
0b22c50ce0df15b162fa5aa9c2bb70bd,1.295072837,Bacteria,WPS-2,NA,NA,NA,NA,NA
0b26cd7d5bfc3be81453d4171c7c3c43,1.447561691,Bacteria,Firmicutes,Clostridia,Clostridiales,Clostridiaceae,Clostridium,NA
0b752b3036eb688d4f3df23846ddb01c,1.218934906,Bacteria,Proteobacteria,Gammaproteobacteria,Legionellales,Coxiellaceae,NA,NA
0bbce0f50e6d5c65f56d716ef666439c,1.397281099,Bacteria,Chlamydiae,Chlamydiia,Chlamydiales,Parachlamydiaceae,NA,NA
0d0f668420b25e932531051282c19363,1.16961557,Bacteria,Firmicutes,Clostridia,Clostridiales,Ruminococcaceae,Ethanoligenens,NA
0d20a0cdbe5edd7e961f5b6ba5c3d3dc,1.09217148,Archaea,Euryarchaeota,Methanococci,Methanococcales,Methanococcaceae,Methanococcus,NA
0d39827f4b3a4fde05a14d94d2594f36,1.224273214,Bacteria,Planctomycetes,Phycisphaerae,AKAU3564,NA,NA,NA
0e1c3afb98b4e67f2e7293585f5fcec5,1.189296189,Bacteria,Acidobacteria,Solibacteres,Solibacterales,NA,NA,NA
0e8675792dc8327110e44e504c3ebebf,1.535317066,Bacteria,Proteobacteria,Deltaproteobacteria,Myxococcales,NA,NA,NA
0ebc4bd8485d81e751585930bdef9565,2.090491937,Bacteria,Acidobacteria,Acidobacteriia,Acidobacteriales,Koribacteraceae,NA,NA
0ec10e90e153dd0657fad02eeba04410,1.215235552,Bacteria,Planctomycetes,Planctomycetia,Gemmatales,Gemmataceae,NA,NA
0f748716a8593f7637ea19fa8951eef2,1.342526704,Bacteria,Firmicutes,Clostridia,Clostridiales,Lachnospiraceae,Clostridium,NA
0fa90476fc9b4320cd290cfdaa547795,2.194682154,Bacteria,Planctomycetes,Planctomycetia,Pirellulales,Pirellulaceae,A17,NA
101ca1d45ec1a5f96de5f769072486fd,1.680113876,Bacteria,Firmicutes,Clostridia,Clostridiales,Ruminococcaceae,NA,NA
104d0e6529a8394e2829e8234bfdf22b,1.168262888,Bacteria,Proteobacteria,Gammaproteobacteria,Legionellales,NA,NA,NA
1070b72c2c257af44b6575ecb1303a53,2.030859038,Bacteria,Acidobacteria,Acidobacteriia,Acidobacteriales,Acidobacteriaceae,NA,NA
113590377676a82eed747bb7a37fe458,1.063537509,Bacteria,Acidobacteria,Solibacteres,Solibacterales,NA,NA,NA
11649f12da8196004922327be5addc66,1.469683032,Bacteria,Actinobacteria,Acidimicrobiia,Acidimicrobiales,NA,NA,NA
1189106e07eb740fc2a67fdf34750fcb,1.338647852,Bacteria,Nitrospirae,Nitrospira,Nitrospirales,FW,29-Apr,NA
11ea437d6a171eb90b4e1dcada59abc7,1.245353865,Bacteria,Proteobacteria,Alphaproteobacteria,Caulobacterales,Caulobacteraceae,NA,NA
1222625251436a88a252725861ee0a0d,1.211693584,Bacteria,Chlamydiae,Chlamydiia,Chlamydiales,NA,NA,NA
12844949e5ee121be8992285c730bc41,1.594037505,Bacteria,Chlamydiae,Chlamydiia,Chlamydiales,Rhabdochlamydiaceae,Candidatus Rhabdochlamydia,NA
12967087a774c03c0c5556d9cb2065ca,1.013985529,Bacteria,Firmicutes,Bacilli,Lactobacillales,Lactobacillaceae,Lactobacillus,delbrueckii
12ee02a5fea78d50e2144bf47ea81f2f,1.629783273,Bacteria,Proteobacteria,Alphaproteobacteria,Rhodospirillales,Acetobacteraceae,Acidisoma,NA
13ccda6ed890b76d3d4fe56b7720c6fc,1.189158544,Bacteria,Cyanobacteria,4C0d-2,MLE1-12,NA,NA,NA
1489a3e366c48cf9a401c89cf042d550,1.389742163,Bacteria,TM6,SJA-4,NA,NA,NA,NA
151ca1bbb95d44da8454c42b296be7dc,1.744178972,Bacteria,Acidobacteria,Acidobacteriia,Acidobacteriales,Acidobacteriaceae,NA,NA
15326a8c3ffc9b9f3bd90ca23882180e,1.419310794,Bacteria,Proteobacteria,Deltaproteobacteria,Myxococcales,Polyangiaceae,NA,NA
154b5125a884335ae5724491069852d7,1.023047931,Bacteria,Proteobacteria,Gammaproteobacteria,Methylococcales,Crenotrichaceae,Crenothrix,NA
15aa379d8a500369123229585a94da11,1.055330848,Bacteria,Verrucomicrobia,[Methylacidiphilae],Methylacidiphilales,NA,NA,NA
15dc2ec5ae411f61d2e1b9b0f346a2f5,1.230132471,Bacteria,Actinobacteria,Actinobacteria,Actinomycetales,NA,NA,NA
1602c787baf96f1ed103609c00832b61,1.139805919,Bacteria,Proteobacteria,Gammaproteobacteria,Legionellales,Coxiellaceae,NA,NA
16315ac6276b1d9681e1d8c16bca6ae0,1.360737439,Bacteria,NC10,24-Dec,JH-WHS47,NA,NA,NA
16984e0338335838c1baddab0b6f071d,1.317850213,Bacteria,Actinobacteria,Actinobacteria,Actinomycetales,Thermomonosporaceae,Actinoallomurus,NA
16f12897cafd01f21f34589cd2c32659,1.180256372,Bacteria,Proteobacteria,Alphaproteobacteria,Rhodobacterales,Rhodobacteraceae,NA,NA
17292a0271934bbaf11d143875408636,1.42733907,Bacteria,Planctomycetes,Planctomycetia,Gemmatales,Gemmataceae,NA,NA
1735841325aa5ea40f37a24741e1190d,2.019221702,Bacteria,Planctomycetes,Planctomycetia,Gemmatales,Isosphaeraceae,NA,NA
177065b4b094715f8fb084b845052e2e,1.08956613,Bacteria,Actinobacteria,Actinobacteria,Actinomycetales,Geodermatophilaceae,NA,NA
177153442180f11cb5cd51f9a9a4d44b,1.081134515,Bacteria,Elusimicrobia,Elusimicrobia,FAC88,NA,NA,NA
177dedb488aac892d00e5252dc30e079,1.184933555,Bacteria,Proteobacteria,Deltaproteobacteria,MIZ46,NA,NA,NA
17b950a7b70a263e4330561b4fb611d8,1.204094045,Bacteria,Acidobacteria,Solibacteres,Solibacterales,NA,NA,NA
17e8cb725380ad1a196234d801a74135,2.142265505,Bacteria,Acidobacteria,Acidobacteriia,Acidobacteriales,Acidobacteriaceae,NA,NA
17f244f82f4adddca3625dc89db5f9aa,1.075906513,Bacteria,Verrucomicrobia,[Pedosphaerae],[Pedosphaerales],NA,NA,NA
1832dd73a75757fd77f91577a451c440,1.263023947,Bacteria,Acidobacteria,Acidobacteriia,Acidobacteriales,Acidobacteriaceae,NA,NA
1836d3156a8dca005472ae5a77eadc2a,1.652769894,Bacteria,Bacteroidetes,[Saprospirae],[Saprospirales],Chitinophagaceae,NA,NA
186a68973c0880f0b9ae6d5034fae4b6,1.195136663,Bacteria,Actinobacteria,Thermoleophilia,Solirubrobacterales,NA,NA,NA
18bf30f193119cea8867b28909e58f72,2.248805749,Bacteria,Proteobacteria,Alphaproteobacteria,Rhizobiales,Hyphomicrobiaceae,Rhodoplanes,NA
1941f2799e9407f447be5440207f1698,1.653374132,Bacteria,Proteobacteria,Deltaproteobacteria,Myxococcales,NA,NA,NA
19bcf08157b99e0981c0433a6065d6b0,1.316910804,Bacteria,Proteobacteria,Alphaproteobacteria,Rhodospirillales,Acetobacteraceae,NA,NA
19cebcd86415efa22a2992d8e5f59f20,1.173044427,Bacteria,Proteobacteria,Gammaproteobacteria,Legionellales,Coxiellaceae,NA,NA
1a46de074168ebc9afef08d04c991db0,1.0163924,Bacteria,TM6,SJA-4,NA,NA,NA,NA
1a4aeb86f27a32f3bc19eb42284fdefb,1.353886579,Bacteria,Planctomycetes,Planctomycetia,Gemmatales,Isosphaeraceae,NA,NA
1a6f81c7b274aebac68a8098a1a2f63a,2.02585335,Bacteria,Firmicutes,Clostridia,Clostridiales,Clostridiaceae,Clostridium,pasteurianum
1a8e325263283807bc2882fc345f7f6c,1.38029344,Bacteria,Proteobacteria,Alphaproteobacteria,Rhodobacterales,Rhodobacteraceae,Marivita,NA
1aa3cb901f42c0de5463ca1737e48a0e,1.81499659,Bacteria,Acidobacteria,Acidobacteriia,Acidobacteriales,Koribacteraceae,NA,NA
1aab8b77c9938161e1807ebdc5e3a7d5,1.539919954,Bacteria,Proteobacteria,Alphaproteobacteria,Sphingomonadales,Sphingomonadaceae,Novosphingobium,NA
1acea97d2f7f8b43f2db1a2bf4e9c0db,1.927050496,Bacteria,Actinobacteria,Thermoleophilia,Solirubrobacterales,Conexibacteraceae,NA,NA
1b2ac3ce34920e5e10043ba16b806a1f,1.279242592,Bacteria,Proteobacteria,Alphaproteobacteria,NA,NA,NA,NA
1b6955b70830acdfa10dc907e30574bf,1.392814605,Bacteria,Acidobacteria,Acidobacteriia,Acidobacteriales,Acidobacteriaceae,Granulicella,aggregans
1bfa90bff0885e4e1f624834187b0efa,2.964151156,Bacteria,Proteobacteria,Alphaproteobacteria,Rickettsiales,mitochondria,NA,NA
1c8c7f38a2e1b989ac6f76b5b2090cdb,1.229875438,Bacteria,Planctomycetes,Planctomycetia,Gemmatales,Isosphaeraceae,NA,NA
1cc3e665f90e5aed6aed8916e2ee9bbf,1.005983719,Bacteria,Actinobacteria,Actinobacteria,Actinomycetales,NA,NA,NA
1d42a0827e1996420450d20b116f8322,1.137280167,Bacteria,Chlamydiae,Chlamydiia,Chlamydiales,Parachlamydiaceae,NA,NA
1d88c627af90a7bfd16a920e420d6680,1.27999895,Bacteria,Proteobacteria,Alphaproteobacteria,Rhodobacterales,Rhodobacteraceae,NA,NA
1d9634d2eb640dd707c32999e90ac974,1.088623707,Bacteria,Firmicutes,Bacilli,Bacillales,Planococcaceae,NA,NA
1db94e252f7f602be58bc97b6134e4f0,1.219970625,Bacteria,Proteobacteria,Gammaproteobacteria,Xanthomonadales,Sinobacteraceae,NA,NA
1e159567e21fde4bb90a4f0a09676e52,1.125058386,Bacteria,Firmicutes,Clostridia,Clostridiales,Clostridiaceae,Clostridium,pasteurianum
1e30b7780697fe159f53127c2faa8409,1.243929907,Bacteria,Proteobacteria,Alphaproteobacteria,Rhodospirillales,Acetobacteraceae,NA,NA
1e5777c48b4602abeefa44789dbfb8e3,1.471281957,Bacteria,Firmicutes,Clostridia,Clostridiales,Ruminococcaceae,Ethanoligenens,NA
1f17febd2d10ad8fa2997fa130e01e81,1.337959282,Bacteria,Proteobacteria,Alphaproteobacteria,Rickettsiales,mitochondria,NA,NA
1f327043c006c8cef15f2282081493f2,1.177823612,Bacteria,Acidobacteria,DA052,Ellin6513,NA,NA,NA
1ff4f9e1880e56c06f240fe6850423c2,1.174509214,Bacteria,Planctomycetes,Planctomycetia,Gemmatales,Gemmataceae,NA,NA
2036d6f90ef838bc130db1aa5a78c7df,1.256870062,Bacteria,Verrucomicrobia,[Spartobacteria],[Chthoniobacterales],[Chthoniobacteraceae],heteroC45_4W,NA
20886dd2ab4cb9ab38e273dedf300e3d,1.028922113,Bacteria,Proteobacteria,Alphaproteobacteria,Rickettsiales,mitochondria,NA,NA
208f3b1085932482d3b0cc2727e391bd,1.339519143,Bacteria,Proteobacteria,Deltaproteobacteria,Syntrophobacterales,Syntrophorhabdaceae,NA,NA
2093c26dc0cb523dc44058d9e90ef85f,1.22881617,Bacteria,Planctomycetes,Planctomycetia,Gemmatales,Gemmataceae,NA,NA
20affa787c72b36d0df6fd9768142813,1.649072829,Bacteria,Firmicutes,Bacilli,Bacillales,Paenibacillaceae,Paenibacillus,NA
2146e337e2aee28c24e2d0d902e9e869,1.168574512,Bacteria,Bacteroidetes,[Saprospirae],[Saprospirales],NA,NA,NA
22226d8a52b4ef329b8f04e5297184f7,1.736556296,Bacteria,Proteobacteria,Gammaproteobacteria,Pseudomonadales,Moraxellaceae,Enhydrobacter,NA
227b0dabc98ad09e258668ba325f146e,1.17708237,Bacteria,Actinobacteria,Thermoleophilia,Solirubrobacterales,Conexibacteraceae,NA,NA
22a64c3db90494d4852b669b2c09f823,1.146762874,Bacteria,Firmicutes,Clostridia,Clostridiales,Ruminococcaceae,Ethanoligenens,NA
22ef6bd3261bbb2715540a63dad8fb4e,1.500288842,Bacteria,Planctomycetes,Planctomycetia,Gemmatales,Gemmataceae,NA,NA
22f04b43e9525b50adf48b9fa42f60fb,1.098712743,Bacteria,Verrucomicrobia,[Pedosphaerae],[Pedosphaerales],Ellin515,NA,NA
2301f04f08fa9a6518cfe88c59b8c656,1.111322277,Bacteria,Proteobacteria,Gammaproteobacteria,Xanthomonadales,Sinobacteraceae,NA,NA
23231dcd812c87d703fb89911b45fc83,1.2420637,Bacteria,Proteobacteria,Gammaproteobacteria,Methylococcales,Methylococcaceae,Methylomonas,NA
23e83d05e3a2f3abaf7912831bbfa1e3,1.594849295,Bacteria,Proteobacteria,Gammaproteobacteria,Alteromonadales,Alteromonadaceae,Marinobacter,bryozoorum
2443a024735d8073e0485688fb028ab4,1.496892619,Bacteria,TM6,SJA-4,NA,NA,NA,NA
24467758c7552bbb5dd809fe67d5745b,1.179118016,Bacteria,Planctomycetes,Planctomycetia,Gemmatales,Gemmataceae,NA,NA
245dd3a7e895b5f4490efeff2dacd261,1.71064515,Bacteria,Proteobacteria,Alphaproteobacteria,Rhizobiales,NA,NA,NA
2489d136d0d3707e8b4a37ce809555ff,1.409290093,Bacteria,Cyanobacteria,Chloroplast,Streptophyta,NA,NA,NA
2498c096052abe0b360ce3f04f059fbd,1.183731914,Bacteria,Proteobacteria,Gammaproteobacteria,Alteromonadales,Colwelliaceae,Colwellia,psychrerythraea
24ba64b03dce4a4589b31c6b0c365ea5,1.226311773,Bacteria,Planctomycetes,Planctomycetia,Pirellulales,Pirellulaceae,NA,NA
25472a72eac64273bfddc11f7417f6b6,1.045171337,Bacteria,Planctomycetes,Planctomycetia,Planctomycetales,Planctomycetaceae,Planctomyces,NA
25c0edb3fb934ba61735588e0241dd4a,1.154347448,Bacteria,Cyanobacteria,4C0d-2,MLE1-12,NA,NA,NA
2623f930b7d96dd4619f67eb08a13679,1.238099428,Bacteria,Proteobacteria,Deltaproteobacteria,Syntrophobacterales,Syntrophorhabdaceae,NA,NA
2691f1c53498214bcb0660163cb09f0a,1.276703473,Bacteria,Planctomycetes,Phycisphaerae,WD2101,NA,NA,NA
2693ab1f629f6ac615e4bc473244ab26,1.142495651,Bacteria,Elusimicrobia,Elusimicrobia,FAC88,NA,NA,NA
26c8ca6b673b1443bdefe12bd2883ebc,1.60132273,Bacteria,Acidobacteria,Acidobacteriia,Acidobacteriales,Koribacteraceae,NA,NA
273620d7af63f1842aeeb8c1ea298dee,1.435243926,Bacteria,Actinobacteria,Actinobacteria,Actinomycetales,Thermomonosporaceae,Actinoallomurus,NA
27584bf5886bdd7b621a8c61c221cea0,1.424749264,Bacteria,Proteobacteria,Alphaproteobacteria,Caulobacterales,Caulobacteraceae,NA,NA
278bbadcfdc25754ddfa602bc5b41105,1.784758059,Bacteria,Verrucomicrobia,[Spartobacteria],[Chthoniobacterales],[Chthoniobacteraceae],heteroC45_4W,NA
278f3e8ee5a9fd77a7070b66383e6d07,1.878593904,Bacteria,Acidobacteria,Acidobacteriia,Acidobacteriales,Acidobacteriaceae,NA,NA
27ffde4facc4745c06ced6b5f59728fd,1.244608229,Bacteria,Acidobacteria,Acidobacteriia,Acidobacteriales,Acidobacteriaceae,NA,NA
290973631bd8d66aaea11c632e5da942,1.270855537,Bacteria,Proteobacteria,Alphaproteobacteria,Rhodospirillales,Rhodospirillaceae,Telmatospirillum,NA
2925119409ca3f14bd4cd1bc176a8361,1.498483638,Bacteria,Acidobacteria,DA052,Ellin6513,NA,NA,NA
2938788de688170da974a7ec76817c0a,1.339190668,Bacteria,Acidobacteria,Acidobacteriia,Acidobacteriales,Koribacteraceae,Candidatus Koribacter,NA
2939ccd2c12c81d65867255932ecef37,1.163572182,Bacteria,Actinobacteria,Acidimicrobiia,Acidimicrobiales,NA,NA,NA
2970d1237b5167e24a0bed8ae045999f,1.201938506,Bacteria,Proteobacteria,Gammaproteobacteria,Legionellales,NA,NA,NA
298cf963878810a68bb436d49e6e4232,1.073158748,Bacteria,Proteobacteria,Deltaproteobacteria,Myxococcales,NA,NA,NA
29a90c9ae60566e6d69dda6e6d6dcd8d,1.545517627,Bacteria,Proteobacteria,Deltaproteobacteria,NA,NA,NA,NA
29e603d56acfbd7d2c1fe238219a6a14,1.005056547,Bacteria,Proteobacteria,Betaproteobacteria,NA,NA,NA,NA
2a1e22705935639eb714e48d7c351de9,1.787713914,Bacteria,Proteobacteria,Gammaproteobacteria,Pseudomonadales,Pseudomonadaceae,Pseudomonas,veronii
2a57b0a01705f9e28510db8500016fa5,1.495748296,Bacteria,Acidobacteria,Acidobacteriia,Acidobacteriales,Acidobacteriaceae,NA,NA
2adffdf0aba0c8ed8595f3e3e2fcad20,2.192486507,Bacteria,Acidobacteria,Acidobacteriia,Acidobacteriales,Acidobacteriaceae,NA,NA
2af75ccb2dc0d97c301b3974b826a20a,1.206542094,Bacteria,Bacteroidetes,[Saprospirae],[Saprospirales],Chitinophagaceae,NA,NA
2afe4f6915d99bb5b4429454fdf13338,1.190304241,Bacteria,Proteobacteria,Deltaproteobacteria,Myxococcales,Myxococcaceae,Anaeromyxobacter,NA
2b2b64b620c034de7c5d619f9498144a,1.759353257,Bacteria,Proteobacteria,Alphaproteobacteria,Rhodospirillales,Acetobacteraceae,NA,NA
2b72eb8ec76f655819791ca49a8fcfbd,1.334082235,Bacteria,Chlamydiae,Chlamydiia,Chlamydiales,NA,NA,NA
2b89097f7abe232b08fd77307f1c6ff7,1.689178501,Bacteria,Acidobacteria,Acidobacteriia,Acidobacteriales,Acidobacteriaceae,NA,NA
2c0bcceb37616eb3af0b259f0aa3360c,1.088861902,Bacteria,Proteobacteria,Deltaproteobacteria,Syntrophobacterales,Syntrophorhabdaceae,NA,NA
2c1036e2893937418768c8ccb992777e,1.240752491,Bacteria,Chlamydiae,Chlamydiia,Chlamydiales,Parachlamydiaceae,Candidatus Protochlamydia,NA
2c532a61626cb0df9fd4eb6d1f2491ba,1.527029938,Bacteria,Verrucomicrobia,[Pedosphaerae],[Pedosphaerales],Ellin515,NA,NA
2c6ba055a94095320d25632e53809079,1.407949241,Bacteria,Proteobacteria,Alphaproteobacteria,Rhizobiales,Methylobacteriaceae,NA,NA
2d774722d609f96bd4351eed973f952d,1.139600662,Bacteria,Verrucomicrobia,[Pedosphaerae],[Pedosphaerales],NA,NA,NA
2d83b5d8ca9d0ea1d00e07b0b39fabe4,1.624700615,Bacteria,Actinobacteria,Thermoleophilia,Solirubrobacterales,NA,NA,NA
2e8c53e52fdf3d680696fce42e5506c5,1.0185469,Bacteria,Proteobacteria,Alphaproteobacteria,Ellin329,NA,NA,NA
2eb0fe224946313c19588fb5675a1d7f,1.147193087,Bacteria,Proteobacteria,Alphaproteobacteria,Rhodospirillales,Rhodospirillaceae,NA,NA
2ed47d82b8983a5c19145bafebf0f5fb,1.905730326,Bacteria,Cyanobacteria,Chloroplast,Streptophyta,NA,NA,NA
2f272abd8bd8e2e71da6cfb580f4d79a,2.153429117,Bacteria,Actinobacteria,Actinobacteria,Actinomycetales,NA,NA,NA
2f2f5b71bab3da342384ca0edb5d2560,2.045032571,Bacteria,Proteobacteria,Gammaproteobacteria,Xanthomonadales,Sinobacteraceae,NA,NA
2f39087c84cc583e1650fbd4345814d7,1.059212952,Bacteria,Acidobacteria,Acidobacteriia,Acidobacteriales,Koribacteraceae,Candidatus Koribacter,NA
2fbf4b69b6474f02cfc16c329bdeeace,1.300838915,Bacteria,Acidobacteria,Acidobacteriia,Acidobacteriales,Acidobacteriaceae,NA,NA
2fe0195696136de129975104ffad3e22,1.263206225,Bacteria,TM6,SJA-4,NA,NA,NA,NA
306a400dbaaa81e131f35b0c2a2db8c6,1.521083812,Bacteria,Bacteroidetes,Bacteroidia,Bacteroidales,NA,NA,NA
310544bb6b250fba339b3b71d85344f6,1.154130198,Bacteria,Actinobacteria,Thermoleophilia,Solirubrobacterales,NA,NA,NA
31125abc66ec5f1b4d960b9642d31f6c,2.355035478,Bacteria,Acidobacteria,Acidobacteriia,Acidobacteriales,Acidobacteriaceae,NA,NA
3121ea61d0b569048a9536966d7821c4,1.676831756,Bacteria,Acidobacteria,Acidobacteriia,Acidobacteriales,Koribacteraceae,NA,NA
31b26519d28ce6174f5b43a608c3e95b,1.050521799,Bacteria,Bacteroidetes,Sphingobacteriia,Sphingobacteriales,NA,NA,NA
31c026a748b0d9f47d041e4a73f3302f,1.022410164,Bacteria,Planctomycetes,Phycisphaerae,WD2101,NA,NA,NA
320a3d5208faadbeb856b41b8c4c7055,1.472881841,Bacteria,Actinobacteria,Acidimicrobiia,Acidimicrobiales,NA,NA,NA
328bbbd81da9295034a2c905bf89aff9,1.237669655,Bacteria,Acidobacteria,Acidobacteriia,Acidobacteriales,Koribacteraceae,NA,NA
32c68fb266568003605695f65f02a7ba,1.049466902,Bacteria,Proteobacteria,Gammaproteobacteria,Legionellales,Coxiellaceae,NA,NA
32e839f0ab18adb62bced83c0ffccfe5,1.298482587,Bacteria,Cyanobacteria,Chloroplast,Stramenopiles,NA,NA,NA
32ef9341700cd43bcff98c0bd5a35368,1.019665967,Bacteria,Thermotogae,Thermotogae,Thermotogales,Thermotogaceae,SC103,NA
3348d7bc0f7316977a2fed3d03a3cce8,1.237469591,Bacteria,Proteobacteria,Alphaproteobacteria,Rhizobiales,NA,NA,NA
3388a51cdcbb0594a43273c322dd818d,1.572863586,Bacteria,Proteobacteria,Epsilonproteobacteria,Campylobacterales,Campylobacteraceae,Arcobacter,NA
338c1efcdf6b7fa0b03104e78e592495,1.244465947,Bacteria,TM6,SJA-4,NA,NA,NA,NA
33b4cb726c2a983cfb81fe1c91d3dbba,1.625895645,Bacteria,Proteobacteria,Alphaproteobacteria,Ellin329,NA,NA,NA
33dbb11d9791215beda09f5c80e9d945,1.274540612,Bacteria,Proteobacteria,Betaproteobacteria,Burkholderiales,Comamonadaceae,NA,NA
340b00e67160f7d6bd6c4e39f82dfeef,1.092936633,Bacteria,Acidobacteria,Acidobacteria-6,iii1-15,NA,NA,NA
342985a062c3dd66f02eebb1f55a0496,1.189819551,Bacteria,Firmicutes,Bacilli,Lactobacillales,Aerococcaceae,Facklamia,NA
343017698e26234641bb23e73c0c1998,1.261077011,Bacteria,Proteobacteria,Gammaproteobacteria,Xanthomonadales,Sinobacteraceae,NA,NA
344dbd50738fdf7ab8a84d20a891d7a4,1.149561164,Bacteria,Firmicutes,Clostridia,Clostridiales,Clostridiaceae,Clostridium,NA
34a615bcb51765ee23abe3a4417083a3,1.776331901,Bacteria,Proteobacteria,Gammaproteobacteria,Oceanospirillales,Oceanospirillaceae,NA,NA
34f59a8d2a235c48b627edcf27219b0d,1.257005488,Bacteria,Acidobacteria,Acidobacteriia,Acidobacteriales,Acidobacteriaceae,NA,NA
35177f949ea6af6ccc1c1fa7a16e4643,1.11114292,Bacteria,Acidobacteria,Acidobacteriia,Acidobacteriales,Acidobacteriaceae,NA,NA
352389e41c92d37dbd4d719157f3c855,1.271702027,Bacteria,Proteobacteria,Betaproteobacteria,Burkholderiales,Oxalobacteraceae,NA,NA
352ce54fa889000f9b6fb7a37ce0eeb9,1.249559146,Bacteria,Acidobacteria,Solibacteres,Solibacterales,Solibacteraceae,NA,NA
356d2b91ba1d83e1258beab1c4c10308,1.460009044,Bacteria,Proteobacteria,Deltaproteobacteria,Myxococcales,NA,NA,NA
3576d64a9a7e23d4502eb696bf5ab2fc,1.321446426,Bacteria,Proteobacteria,Alphaproteobacteria,Rhizobiales,Beijerinckiaceae,Methylocella,NA
360b7224601f6252b957ab8c2ec9535b,1.380860315,Bacteria,Proteobacteria,Alphaproteobacteria,Rhizobiales,Hyphomicrobiaceae,Rhodoplanes,NA
364ad8b9233b38114549c67bdf94b87b,1.259213219,Bacteria,Acidobacteria,Acidobacteriia,Acidobacteriales,Acidobacteriaceae,NA,NA
364b175e1a92c18a47a475d72749a70f,1.149797125,Archaea,Crenarchaeota,MCG,NA,NA,NA,NA
368cf78e033d4703292ad1def1c74372,1.693730786,Bacteria,Firmicutes,Clostridia,Clostridiales,Ruminococcaceae,Ethanoligenens,NA
36971e2d6abfc2478035333e1038e16c,1.081479027,Bacteria,Acidobacteria,Acidobacteriia,Acidobacteriales,Acidobacteriaceae,NA,NA
36aff623036995b22007d37cb26c2755,2.652872855,Bacteria,Acidobacteria,Acidobacteriia,Acidobacteriales,Acidobacteriaceae,NA,NA
36ef656e647e882bf8d585ac8904777f,1.716498325,Bacteria,Proteobacteria,Deltaproteobacteria,Syntrophobacterales,Syntrophobacteraceae,Syntrophobacter,NA
373da07aec1f564022d9e7c3b48e31de,2.43557831,Bacteria,Firmicutes,Clostridia,Clostridiales,Clostridiaceae,Clostridium,butyricum
376c7cc140447c9c543681d34c33e89b,1.555100687,Bacteria,Planctomycetes,Planctomycetia,Pirellulales,Pirellulaceae,A17,NA
378b7c5b66239b32e62358407a02dab4,1.128236024,Bacteria,Nitrospirae,Nitrospira,Nitrospirales,[Thermodesulfovibrionaceae],NA,NA
379b745d8b9c33c263e330c4b03ccbf0,1.33068505,Bacteria,Firmicutes,Clostridia,Clostridiales,Ruminococcaceae,Ethanoligenens,NA
37c886d7e6646b880072405fc945d449,1.147345998,Bacteria,Acidobacteria,Solibacteres,Solibacterales,Solibacteraceae,Candidatus Solibacter,NA
384b494f937640ccd8b52e3d54fe4598,1.294500435,Bacteria,TM6,SJA-4,NA,NA,NA,NA
39b40e1b7da1aaece9817a4f4d1a055f,1.162306907,Bacteria,Actinobacteria,Actinobacteria,Actinomycetales,Thermomonosporaceae,Actinoallomurus,NA
39cfc04912cabefdd504a63f96a15395,1.230840183,Bacteria,Proteobacteria,Betaproteobacteria,Burkholderiales,Comamonadaceae,Schlegelella,NA
39fe08e77c50eb417dc19b6f72f909c9,1.434548259,Bacteria,Fibrobacteres,TG3,TG3-1,B122,NA,NA
3a0a29aa18194c1dde6f9075ea78eb23,1.242720735,Bacteria,Chlamydiae,Chlamydiia,Chlamydiales,Rhabdochlamydiaceae,Candidatus Rhabdochlamydia,NA
3a326025e19602f267f662c730b7bd10,1.583308556,Bacteria,Proteobacteria,Gammaproteobacteria,Xanthomonadales,Sinobacteraceae,NA,NA
3a5e230f9243bc343fb61a78757da07a,1.465295946,Bacteria,Acidobacteria,Acidobacteriia,Acidobacteriales,Koribacteraceae,NA,NA
3a85555f19c25d1dcc5bed375479f957,1.224649321,Bacteria,Chlamydiae,Chlamydiia,Chlamydiales,Rhabdochlamydiaceae,Candidatus Rhabdochlamydia,NA
3a9c36f4d52f387b273cb22fb94cd7c6,1.140135198,Bacteria,Planctomycetes,Planctomycetia,Gemmatales,Gemmataceae,NA,NA
3ac6045fc92d54d460fc21d26a7b5191,1.249096997,Bacteria,Actinobacteria,Actinobacteria,Actinomycetales,Nocardioidaceae,Nocardioides,NA
3b0b5cec0356b342399c3e5b63035c3e,1.217346287,Bacteria,OD1,NA,NA,NA,NA,NA
3b90dcb0538a37a3e7084cb52de9aa4e,1.023606917,Bacteria,Actinobacteria,Acidimicrobiia,Acidimicrobiales,NA,NA,NA
3ba04fc618cc79a5317113fe1f6d62a9,1.214508527,Bacteria,Chlamydiae,Chlamydiia,Chlamydiales,Parachlamydiaceae,NA,NA
3c292d62338f838b6343082f99a2ad8a,1.065913074,Archaea,Euryarchaeota,Methanobacteria,Methanobacteriales,Methanobacteriaceae,Methanobacterium,NA
3c44107206834449f5c69fdc41834d3c,1.078778038,Bacteria,Acidobacteria,DA052,Ellin6513,NA,NA,NA
3c442230e0258db022541cbbec92cbf3,1.192353396,Bacteria,Elusimicrobia,Elusimicrobia,FAC88,NA,NA,NA
3c6f381d97d72040eb32567eebde1c91,1.251228191,Bacteria,Firmicutes,Clostridia,Clostridiales,Clostridiaceae,Clostridium,pasteurianum
3c6fe40ee8a9b709ff1614e5f286216b,1.46644583,Bacteria,Acidobacteria,TM1,NA,NA,NA,NA
3cfe465875fae77f868a87eef00eda49,1.645241324,Bacteria,Planctomycetes,Phycisphaerae,WD2101,NA,NA,NA
3d560ffa9a1fd61a0a809456c802cac9,1.677365869,Bacteria,Acidobacteria,Acidobacteriia,Acidobacteriales,Koribacteraceae,NA,NA
3e1965a2269a452de82d70e8d6d3d300,1.114569265,Bacteria,Chloroflexi,Dehalococcoidetes,GIF9,NA,NA,NA
3e45cd957788b969a55aab1022542479,1.282169921,Bacteria,Acidobacteria,Acidobacteriia,Acidobacteriales,Acidobacteriaceae,NA,NA
3ed2ad00a9df656cdbd58fc4afc2c499,1.144635028,Bacteria,Firmicutes,Clostridia,Clostridiales,NA,NA,NA
3ee718cb9422eb539dad6be9c4aa4a5a,1.102774377,Bacteria,Proteobacteria,Gammaproteobacteria,Xanthomonadales,Sinobacteraceae,NA,NA
3fdc18699580ae1d0afc6b14af0f3dfa,1.219037977,Bacteria,Actinobacteria,Thermoleophilia,Solirubrobacterales,NA,NA,NA
40015489fde1b9f2ef7ce20df784afd3,1.049978965,Bacteria,Proteobacteria,Alphaproteobacteria,Rhizobiales,Beijerinckiaceae,Methylocella,NA
401e2f659d73d2addcca73cb6ffb4c53,1.147668251,Bacteria,Proteobacteria,Deltaproteobacteria,Syntrophobacterales,Syntrophobacteraceae,NA,NA
40c8ba00361a7b6ffa02ad28c652d61b,1.10661651,Bacteria,Planctomycetes,Planctomycetia,Gemmatales,Isosphaeraceae,NA,NA
4176e46d972f56a7c0e6b290feb16148,1.458138053,Bacteria,TM6,SJA-4,NA,NA,NA,NA
41985a3e8339b7fa04e3b18d0697252e,1.555288957,Bacteria,Firmicutes,Clostridia,Thermoanaerobacterales,Thermoanaerobacteraceae,Thermacetogenium,NA
41a9ad5ca79e529cddf71c2e0b6f1029,1.460297413,Bacteria,OP9,JS1,SB-45,NA,NA,NA
41bcdd0ca7c1b95d041b457ef8af0bb6,1.85673948,Bacteria,Firmicutes,Clostridia,Clostridiales,Clostridiaceae,Clostridium,NA
41c7cbaa717615b3c70049ed96eae1fe,1.981791835,Bacteria,Actinobacteria,Actinobacteria,Actinomycetales,NA,NA,NA
422abee8333c90ba30226564ca94a5b1,2.79937944,Bacteria,Acidobacteria,Acidobacteriia,Acidobacteriales,Acidobacteriaceae,NA,NA
4256daab03b21286e452a1c9fcfb5f94,1.113879239,Bacteria,Planctomycetes,Planctomycetia,Gemmatales,Gemmataceae,NA,NA
42908b039ce9d26ff91c0e2275c324b1,1.047562928,Bacteria,Planctomycetes,Phycisphaerae,MSBL9,NA,NA,NA
42b17698c842dad06ff7260ecf3c1f8e,1.143588988,Bacteria,Actinobacteria,Actinobacteria,Actinomycetales,NA,NA,NA
433ca3f070c260493bfdebb6873d8244,1.261655075,Bacteria,Cyanobacteria,Nostocophycideae,Nostocales,Nostocaceae,NA,NA
4356bbee542b32ff1e0b0e41c336f185,1.055975472,Bacteria,Elusimicrobia,Elusimicrobia,Elusimicrobiales,NA,NA,NA
44818034f784d6ec84ec2cdf9bb8492b,1.247245994,Bacteria,Planctomycetes,Planctomycetia,Gemmatales,Isosphaeraceae,NA,NA
453e71f9a38c747bc11bcead8c44fbe5,1.006057259,Bacteria,Planctomycetes,Planctomycetia,Gemmatales,Gemmataceae,NA,NA
464b3e1fb19c78b8f4e9f022cd3cb044,2.052003851,Bacteria,Proteobacteria,Gammaproteobacteria,Alteromonadales,Moritellaceae,Moritella,NA
466e33eed003acdb9efd0d60f9d77979,1.252797414,Bacteria,Acidobacteria,Acidobacteriia,Acidobacteriales,Acidobacteriaceae,NA,NA
46d862a42568c0cc7e37a317946d63c3,1.155719857,Bacteria,TM6,SJA-4,NA,NA,NA,NA
475a82fce58bf1d0dd4fb648de23407e,1.953867628,Bacteria,Firmicutes,Clostridia,Clostridiales,Ruminococcaceae,Ethanoligenens,NA
475cf896aa9951be782d5fabd5448e40,1.165828205,Bacteria,Proteobacteria,Gammaproteobacteria,Legionellales,Coxiellaceae,Aquicella,NA
478a80b2961ce7444bf9eb99436e87f6,1.180858411,Bacteria,Firmicutes,Clostridia,Clostridiales,Dehalobacteriaceae,Dehalobacterium,NA
4878585ba9f879937d6ce745bd3a1c45,1.215959723,Archaea,Euryarchaeota,Methanomicrobia,Methanomicrobiales,Methanoregulaceae,Candidatus Methanoregula,NA
48aa27fcfdf3a101ac6b1f23892c16e1,1.116467266,Bacteria,Proteobacteria,Gammaproteobacteria,Xanthomonadales,Sinobacteraceae,NA,NA
49076a7781dd34d1ce7e0b718e8048c4,1.422551952,Bacteria,Proteobacteria,Betaproteobacteria,Gallionellales,Gallionellaceae,NA,NA
49265fb95c778d821caecd614d69cb39,1.849894889,Bacteria,Acidobacteria,Acidobacteriia,Acidobacteriales,Koribacteraceae,Candidatus Koribacter,NA
4a77624a5d88b486ebd9c5e6cd7d2d50,1.433224534,Bacteria,Acidobacteria,Solibacteres,Solibacterales,Solibacteraceae,Candidatus Solibacter,NA
4a7bf93536949fcfa3c4f2c1a1cbd409,1.089532223,Bacteria,Proteobacteria,Alphaproteobacteria,Rickettsiales,NA,NA,NA
4a8b31ec62673d67371acd76b372dcae,1.00899236,Bacteria,Firmicutes,Clostridia,Clostridiales,Clostridiaceae,Clostridium,bowmanii
4aa9723351f70e3f846a4bb087af56b2,1.11603085,Bacteria,Verrucomicrobia,[Pedosphaerae],[Pedosphaerales],auto67_4W,NA,NA
4ae52d6966b9126809fa8056d972197f,1.476579702,Bacteria,Proteobacteria,Gammaproteobacteria,Methylococcales,Methylococcaceae,Methylomonas,NA
4b3e046bd3a0d6c41af6127b45b2f206,1.545897782,Bacteria,Acidobacteria,Acidobacteriia,Acidobacteriales,Acidobacteriaceae,NA,NA
4b90774a135fde0b837cb020097f9ad4,1.488230443,Bacteria,Acidobacteria,TM1,NA,NA,NA,NA
4bf5d72597059f9585dfc613709276eb,1.735614685,Bacteria,Planctomycetes,Planctomycetia,Pirellulales,Pirellulaceae,NA,NA
4c220d569f14147bcb7bc951163af723,1.12773717,Bacteria,Firmicutes,Clostridia,Clostridiales,Clostridiaceae,Clostridium,NA
4c60b2c60161ffde20e967607fecc979,1.1525346,Bacteria,Proteobacteria,Deltaproteobacteria,Myxococcales,Myxococcaceae,Anaeromyxobacter,NA
4d534f34d46a0d82bd9c90e42142aae5,1.249803232,Bacteria,Proteobacteria,Gammaproteobacteria,Legionellales,Coxiellaceae,Coxiella,NA
4d567825029e2b7763d7552715c5fe23,1.037424661,Bacteria,Planctomycetes,Planctomycetia,Pirellulales,Pirellulaceae,NA,NA
4d6fa4778cd8886a49c458952e03f7e5,1.254849354,Bacteria,Actinobacteria,Acidimicrobiia,Acidimicrobiales,NA,NA,NA
4da74a793eb7ac29b05c38fea15e53ec,1.530019206,Bacteria,Elusimicrobia,Elusimicrobia,NA,NA,NA,NA
4df7423634c8d4f017db0c990b4a89bf,1.61620307,Bacteria,Proteobacteria,Gammaproteobacteria,Legionellales,Coxiellaceae,Aquicella,NA
4e3293ebe396e8de92220350cd9b894c,1.293145917,Bacteria,Verrucomicrobia,[Methylacidiphilae],S-BQ2-57,NA,NA,NA
4e4e0e4856ab63b3010601f03c87e731,2.312925159,Bacteria,Firmicutes,Clostridia,Clostridiales,Ruminococcaceae,Ethanoligenens,NA
4ea2c27d568c24613985a9ecf66c4fa2,2.184491545,Bacteria,Proteobacteria,Betaproteobacteria,Burkholderiales,NA,NA,NA
4fd1d97f0cc4ebc782a85bb9d796d48a,1.229039453,Bacteria,Proteobacteria,Alphaproteobacteria,Rhizobiales,Hyphomicrobiaceae,Rhodoplanes,NA
501139e01af0ab79be77065d15ae9f5c,1.750914676,Bacteria,Acidobacteria,Acidobacteriia,Acidobacteriales,Acidobacteriaceae,Telmatobacter,bradus
50363219f0df5a1c6600928f445a7915,1.293769968,Bacteria,Acidobacteria,Solibacteres,Solibacterales,Solibacteraceae,Candidatus Solibacter,NA
50cb34afa77359f3ffb7c9d6b5ccaae3,2.596483907,Bacteria,Proteobacteria,Gammaproteobacteria,Enterobacteriales,Enterobacteriaceae,Sodalis,NA
50eaf0927467a161134dde4b3e194c0b,1.215794377,Bacteria,Actinobacteria,Actinobacteria,Actinomycetales,NA,NA,NA
51209eacbc888979501f41568f5a228b,1.14240878,Bacteria,Verrucomicrobia,[Pedosphaerae],[Pedosphaerales],NA,NA,NA
52390595a3b436dd00c6cb78624de42d,1.503654802,Bacteria,Firmicutes,Bacilli,Bacillales,Paenibacillaceae,Paenibacillus,NA
528a0da73b56b5c1f182f8e291391347,1.328545904,Bacteria,OP3,koll11,NA,NA,NA,NA
53354c621e306e8e76abcfd281af7be7,1.063683031,Bacteria,Acidobacteria,TM1,NA,NA,NA,NA
536b63f80a38d5e1107b54604cd831f3,1.214384353,Bacteria,Bacteroidetes,[Saprospirae],[Saprospirales],Chitinophagaceae,NA,NA
54288d9645cbbe18c4a2a7e8e39991ec,1.325600282,Bacteria,Firmicutes,Clostridia,Clostridiales,Veillonellaceae,NA,NA
55579df80806cacf103b146b2af63c9a,1.051100367,Bacteria,Verrucomicrobia,[Spartobacteria],[Chthoniobacterales],[Chthoniobacteraceae],Candidatus Xiphinematobacter,NA
56496b943c5e509485405beab06d3c93,1.036462869,Bacteria,OD1,NA,NA,NA,NA,NA
579f63ddac1c472d6bae7d84588287c8,1.777303827,Bacteria,Firmicutes,Clostridia,Clostridiales,Veillonellaceae,Pelosinus,NA
57f323934c7616d17607c5ea27a2a7ac,1.19877595,Bacteria,Verrucomicrobia,[Pedosphaerae],[Pedosphaerales],auto67_4W,NA,NA
583cd510a901b839cafa8c3624907ba6,1.507146118,Bacteria,Proteobacteria,Betaproteobacteria,Neisseriales,Neisseriaceae,Neisseria,NA
58741b2eab28d0b6f523340e997f3a3d,1.431955222,Bacteria,Proteobacteria,Alphaproteobacteria,Rhizobiales,Rhizobiaceae,Rhizobium,NA
5893d0b5a5e94245c281b58dce727d5d,1.23644532,Bacteria,Actinobacteria,Actinobacteria,Actinomycetales,NA,NA,NA
5a054693483887b00c315f663385ea8f,1.063218492,Bacteria,Proteobacteria,Betaproteobacteria,NA,NA,NA,NA
5a18e09472fe3c0dbfdb0d88429763c0,2.254302699,Bacteria,Acidobacteria,Acidobacteriia,Acidobacteriales,Acidobacteriaceae,NA,NA
5a994db5262519ac098e276823e01c27,1.152879745,Bacteria,Verrucomicrobia,[Pedosphaerae],[Pedosphaerales],auto67_4W,NA,NA
5b7e003214ffc0c394e10a97831fdafb,1.166920859,Bacteria,Proteobacteria,Alphaproteobacteria,Rhizobiales,Hyphomicrobiaceae,Rhodoplanes,NA
5b9e886ad6062544448347a036c6d380,1.096107117,Bacteria,Acidobacteria,DA052,Ellin6513,NA,NA,NA
5bf3af8698a8a271a27ef52eb2c75a02,1.53901824,Bacteria,Proteobacteria,Deltaproteobacteria,Myxococcales,0319-6G20,NA,NA
5c28112330096e232e8d065fa37321c7,1.354785938,Bacteria,Proteobacteria,Alphaproteobacteria,Rhodospirillales,Acetobacteraceae,NA,NA
5c55293858df77d669554e0832f0330e,1.445367117,Bacteria,Firmicutes,Clostridia,Clostridiales,Ruminococcaceae,Ethanoligenens,NA
5c65025a5aab6e57f3530970a1d1a4c0,1.034977284,Bacteria,Planctomycetes,Planctomycetia,Gemmatales,Isosphaeraceae,NA,NA
5cdcf5b3cc36b7a2dd060e70e7f7cc44,2.038588765,Bacteria,WPS-2,NA,NA,NA,NA,NA
5d4ad6aabb4ec8d0e29562e23f82efeb,1.174482071,Bacteria,Acidobacteria,DA052,Ellin6513,NA,NA,NA
5e013099626f17d5d527dcd4e9c0f8d0,1.785559464,Bacteria,Cyanobacteria,Nostocophycideae,Nostocales,Nostocaceae,NA,NA
5e4d4b0eee6e9505b43c59599386ac64,1.002996577,Bacteria,Actinobacteria,Actinobacteria,Actinomycetales,Mycobacteriaceae,Mycobacterium,NA
5eaf279afdaa5e0e43f2083d20dffbd2,1.388234777,Bacteria,Firmicutes,Clostridia,Clostridiales,Ruminococcaceae,Ethanoligenens,NA
5ed769fe6110510b7ca1faf8f3e1f7c4,1.133333136,Bacteria,Cyanobacteria,Chloroplast,Streptophyta,NA,NA,NA
5f18e4edd69272c85ded4c749605fb91,1.334797275,Bacteria,Chlamydiae,Chlamydiia,Chlamydiales,Rhabdochlamydiaceae,Candidatus Rhabdochlamydia,NA
5f1e9829efcdf8f1d158798db594f1de,1.547384003,Bacteria,Acidobacteria,Acidobacteriia,Acidobacteriales,Koribacteraceae,NA,NA
5f410368fb58f232cad3cd4370ac0d02,1.054908314,Bacteria,Proteobacteria,Gammaproteobacteria,Alteromonadales,Alteromonadaceae,Marinobacter,NA
5f4d349a2b12d7dac72b9beb1d6f00ea,1.10332979,Bacteria,Proteobacteria,NA,NA,NA,NA,NA
5f6ec2c7db40288ea98df49531062822,1.49293394,Bacteria,Acidobacteria,Acidobacteriia,Acidobacteriales,Acidobacteriaceae,NA,NA
5fdaa8e0a6c202c7524873adcab8fe15,1.26010366,Bacteria,Proteobacteria,Alphaproteobacteria,Rickettsiales,NA,NA,NA
606fa680be875bcc589c5ac19f65f3af,1.230284438,Bacteria,Proteobacteria,Gammaproteobacteria,Xanthomonadales,Xanthomonadaceae,Rhodanobacter,NA
60a4ac099d8913a112c61219bf85f93a,1.138673436,Bacteria,Proteobacteria,Betaproteobacteria,Burkholderiales,Comamonadaceae,Methylibium,NA
6192c7890ec966f7a50bcd99970e7677,1.830732993,Bacteria,Chlorobi,Ignavibacteria,Ignavibacteriales,Ignavibacteriaceae,NA,NA
6291cd0dcf2fe50f1e7c96f14da92d1a,1.130498313,Bacteria,Proteobacteria,Deltaproteobacteria,Myxococcales,Polyangiaceae,NA,NA
6295f4206d441bcac1024c2e7e81eff8,1.253569186,Bacteria,Elusimicrobia,Elusimicrobia,Elusimicrobiales,NA,NA,NA
62ce4c23e8174794c5c2e7795812a454,2.949546882,Bacteria,Acidobacteria,Acidobacteriia,Acidobacteriales,Koribacteraceae,NA,NA
637daedc9558539fb483441218107fce,1.09576483,Bacteria,AD3,JG37-AG-4,NA,NA,NA,NA
63dba40b806199273be2f63755c3fd0e,1.159883689,Bacteria,Proteobacteria,Alphaproteobacteria,Rhizobiales,Methylocystaceae,NA,NA
63ed2dc03f0e141f90038e21a6186abf,1.544487381,Bacteria,Acidobacteria,Acidobacteriia,Acidobacteriales,Koribacteraceae,Candidatus Koribacter,NA
64f47e7c2954616b8553d1a924cc06a4,1.591920728,Bacteria,Bacteroidetes,Cytophagia,Cytophagales,[Amoebophilaceae],Candidatus Cardinium,NA
64fc58bcb94ab9670eb7e0661d19d0be,1.086958358,Bacteria,Planctomycetes,Phycisphaerae,WD2101,NA,NA,NA
65f58913d567f55d82700b218f185961,1.338972547,Bacteria,Planctomycetes,Planctomycetia,Pirellulales,Pirellulaceae,NA,NA
65fe15c931b1af19af9813dd1595d459,1.791798212,Bacteria,Firmicutes,Clostridia,Clostridiales,Ruminococcaceae,Ethanoligenens,NA
6626b0ff51249c3963e17929b8c50de2,1.154366054,Bacteria,Actinobacteria,Acidimicrobiia,Acidimicrobiales,NA,NA,NA
663b096d9aedda108d88247f5eaefc12,1.503444337,Bacteria,Proteobacteria,Alphaproteobacteria,Rhodobacterales,Rhodobacteraceae,Loktanella,NA
670c541866649727c720b634d8d0bf9d,1.066997485,Bacteria,Proteobacteria,Alphaproteobacteria,NA,NA,NA,NA
67a9be34ab4be88f97257bc10fefe960,1.209688979,Bacteria,Acidobacteria,Acidobacteriia,Acidobacteriales,Acidobacteriaceae,NA,NA
67bba185a1285ffde1e586b2d919f2a1,1.128221591,Bacteria,Acidobacteria,Acidobacteriia,Acidobacteriales,Acidobacteriaceae,NA,NA
67c419813a3c792d9be54af1052a56b8,1.042579754,Bacteria,Acidobacteria,Acidobacteriia,Acidobacteriales,Acidobacteriaceae,NA,NA
67d7806637a68c29b35183c4ed9f3066,1.449360535,Archaea,Euryarchaeota,Methanobacteria,Methanobacteriales,Methanobacteriaceae,Methanobacterium,NA
67e786df4bd7ffe42b17907db62caeee,1.225839374,Bacteria,Proteobacteria,Gammaproteobacteria,Pseudomonadales,Pseudomonadaceae,Pseudomonas,NA
68026f7d93cd3133b34fb42a467dd579,1.113043079,Bacteria,Proteobacteria,Alphaproteobacteria,Rhizobiales,Methylocystaceae,NA,NA
685c76d2bf18c702832c1e9e48896258,1.24936493,Bacteria,Proteobacteria,Alphaproteobacteria,Ellin329,NA,NA,NA
686a2390e4564033a8719c9bd12e8ddb,1.041950962,Bacteria,Proteobacteria,Alphaproteobacteria,Rhizobiales,Methylocystaceae,Rhodoblastus,NA
689ba558800d1367c96b220c12720bc7,1.078809885,Bacteria,Planctomycetes,Phycisphaerae,WD2101,NA,NA,NA
68b403ae996187fdaa0651ee1d302a04,1.741534108,Bacteria,Cyanobacteria,Nostocophycideae,Nostocales,Nostocaceae,NA,NA
68f2f2a9ab725f5fa9db99402abc7144,2.365341934,Bacteria,Acidobacteria,Acidobacteriia,Acidobacteriales,Koribacteraceae,NA,NA
69143869da35a25031091c2345444722,1.148627965,Bacteria,Proteobacteria,Gammaproteobacteria,Legionellales,NA,NA,NA
69663581ca4386678c4c0691efd2f8e2,1.272190771,Bacteria,Planctomycetes,ODP123,T8-B82,NA,NA,NA
6987a532bbf49961964a14e3263e4da1,1.201768022,Bacteria,Bacteroidetes,[Saprospirae],[Saprospirales],Chitinophagaceae,Sediminibacterium,NA
699b598baa2a8bdb5977c86ae1f6b64c,1.420927022,Bacteria,Planctomycetes,Phycisphaerae,WD2101,NA,NA,NA
699de6628c3027f9d578e40b03f83a05,1.14361832,Bacteria,Proteobacteria,Alphaproteobacteria,Rhodospirillales,Acetobacteraceae,Acidocella,NA
6a4014724e38a3230696dbbe780a8ed6,2.269959738,Bacteria,Proteobacteria,Alphaproteobacteria,Rhizobiales,Methylocystaceae,Methylosinus,NA
6a84f2ded1fe3a9da22daa9951d7ab79,2.233592315,Bacteria,Proteobacteria,Deltaproteobacteria,Syntrophobacterales,Syntrophobacteraceae,NA,NA
6aabe2ff1ff060b02cc180667923f4d4,1.273790977,Bacteria,Chlamydiae,Chlamydiia,Chlamydiales,NA,NA,NA
6b36f37fb2e4a4db6c43a51b5a6464f6,1.705300875,Bacteria,TM6,SJA-4,NA,NA,NA,NA
6b5bba1ae41181f654c95b10c14c6667,1.259851191,Archaea,[Parvarchaeota],[Micrarchaea],[Micrarchaeles],NA,NA,NA
6b7bb3165a8c23e747b43e73b58fb6e0,1.248340724,Bacteria,Planctomycetes,Planctomycetia,Gemmatales,Gemmataceae,NA,NA
6bb1529ae5cf4bef33a313780a334a19,1.116361154,Bacteria,Acidobacteria,Solibacteres,Solibacterales,Solibacteraceae,Candidatus Solibacter,NA
6be5a9e6144fa90223b9f549957cfd14,1.239608185,Bacteria,Proteobacteria,Alphaproteobacteria,Rickettsiales,mitochondria,NA,NA
6be8c1f968350a00aaa313186b92d5a1,2.796899744,Bacteria,Acidobacteria,Acidobacteriia,Acidobacteriales,Koribacteraceae,Candidatus Koribacter,NA
6c0987a6627a75ca35d85c34c2762e12,1.249675126,Bacteria,Proteobacteria,Alphaproteobacteria,Ellin329,NA,NA,NA
6c5bc69de1f90c65959539b2be284c74,1.019523429,Bacteria,Actinobacteria,Thermoleophilia,Gaiellales,Gaiellaceae,NA,NA
6cfbeda18e505fa962cdde0893288ba8,1.424222519,Bacteria,Proteobacteria,Alphaproteobacteria,Rickettsiales,mitochondria,NA,NA
6d572fbafba6e8a7508cc0a64211169a,1.432271621,Bacteria,Proteobacteria,Alphaproteobacteria,Rhodospirillales,Acetobacteraceae,NA,NA
6db3d58980395573f49ad74ef161dab5,1.200862298,Bacteria,Proteobacteria,Deltaproteobacteria,Syntrophobacterales,Syntrophobacteraceae,NA,NA
6dfb0974a65b41401d4adc05adad76fd,1.21601727,Bacteria,Acidobacteria,Acidobacteriia,Acidobacteriales,Koribacteraceae,NA,NA
6dfbe6210e493010cea701cec0706628,1.171946477,Bacteria,Proteobacteria,Alphaproteobacteria,Caulobacterales,Caulobacteraceae,NA,NA
6e28c27c872424b2fad6a2d221551a01,1.156697097,Bacteria,OD1,ZB2,NA,NA,NA,NA
6e794ce1e765a33e6aa7f8bb9bf96211,1.451476198,Bacteria,Firmicutes,Clostridia,Clostridiales,Clostridiaceae,Clostridium,NA
6e8628d9379b475ff892754d8e10ed1e,1.188434138,Bacteria,Acidobacteria,Acidobacteriia,Acidobacteriales,Acidobacteriaceae,NA,NA
6eaeb6e069656d722fcae61674ad535b,1.561574788,Bacteria,Proteobacteria,Deltaproteobacteria,Syntrophobacterales,Syntrophobacteraceae,NA,NA
6ee000bee216698efa288b80f45c043a,1.690522499,Bacteria,Firmicutes,Clostridia,Clostridiales,Ruminococcaceae,Ethanoligenens,NA
6fa86622b96b3754954cd01ebc29ca53,1.109114046,Bacteria,Bacteroidetes,Sphingobacteriia,Sphingobacteriales,Sphingobacteriaceae,NA,NA
6fdeaa85694971d3053af6a8c3651c8f,1.102137733,Bacteria,Proteobacteria,Gammaproteobacteria,Xanthomonadales,Xanthomonadaceae,Rhodanobacter,NA
702433a9bc91b055b2947ee909671b0b,2.162743564,Bacteria,Acidobacteria,Acidobacteriia,Acidobacteriales,Acidobacteriaceae,NA,NA
70360eba928abeab43890a2d4e30a076,1.313582162,Bacteria,Actinobacteria,Thermoleophilia,Solirubrobacterales,Conexibacteraceae,Conexibacter,NA
7063a082336ae8cdaee4971b7c679d04,1.178768328,Bacteria,Proteobacteria,Deltaproteobacteria,FAC87,NA,NA,NA
70bc233748296c16aa2c15f57e13c2a3,1.124680703,Bacteria,Chloroflexi,Anaerolineae,H39,NA,NA,NA
712790339067e8d0da4af517c86476da,1.527842798,Bacteria,OP3,koll11,GIF10,NA,NA,NA
716489d283cbc94fb66e414be5da5e41,1.974930207,Bacteria,Chlamydiae,Chlamydiia,Chlamydiales,Parachlamydiaceae,NA,NA
71d767da8f48e4420c5c3e8e78a3874b,2.330959772,Bacteria,Cyanobacteria,Chloroplast,Streptophyta,NA,NA,NA
71f465da964192140712b3b7c9469d50,1.682382925,Bacteria,Proteobacteria,Gammaproteobacteria,Legionellales,Coxiellaceae,NA,NA
72a7a5a7e1b5c8687970e8acacc89663,1.002395194,Bacteria,Verrucomicrobia,Verruco-5,WCHB1-41,NA,NA,NA
72c72e6f6100049245df45e2c71b88ed,1.171306728,Bacteria,Chlamydiae,Chlamydiia,Chlamydiales,NA,NA,NA
72d0278855677bdc4c7760e88d807154,1.209359125,Bacteria,Acidobacteria,Acidobacteriia,Acidobacteriales,Koribacteraceae,Candidatus Koribacter,NA
73626826d3800657eeaadcbe94591e21,1.124551414,Bacteria,OP8,OP8_1,NA,NA,NA,NA
74165d797702b75a47cfd55cd051cd32,1.233997149,Bacteria,Planctomycetes,Planctomycetia,Gemmatales,Isosphaeraceae,NA,NA
741f05358d41d584a939008e363ebf36,1.185615785,Bacteria,Proteobacteria,Gammaproteobacteria,NA,NA,NA,NA
7424d0cf3f71af79242138707fddf603,1.6073378,Bacteria,Planctomycetes,Planctomycetia,Planctomycetales,Planctomycetaceae,Planctomyces,NA
745526c2b2cbef733775b67c1a769d5b,1.197603873,Bacteria,Proteobacteria,Alphaproteobacteria,Rhodospirillales,Rhodospirillaceae,NA,NA
751d606df6322a52874e210612a3846f,2.13393902,Bacteria,Acidobacteria,Acidobacteriia,Acidobacteriales,Koribacteraceae,Candidatus Koribacter,NA
7573a9b94f60224d97f5cea3971d3505,1.628256665,Bacteria,Actinobacteria,Actinobacteria,Actinomycetales,NA,NA,NA
75eb56504bba0a8dd4d54f927cfd2191,1.811913288,Bacteria,Proteobacteria,Alphaproteobacteria,Rhodospirillales,Rhodospirillaceae,Telmatospirillum,NA
76754c82afb1da134d4786ab2a7b5f26,1.190154842,Bacteria,Proteobacteria,Deltaproteobacteria,Desulfarculales,Desulfarculaceae,NA,NA
7680552eff0f4441cf0cf32a2e62ce99,1.199387102,Bacteria,Firmicutes,Clostridia,Clostridiales,Christensenellaceae,NA,NA
7693a23fc3f53f70a1ab0c172d37c180,1.051484431,Bacteria,Planctomycetes,Planctomycetia,Pirellulales,Pirellulaceae,A17,NA
76ba9c08bf815eb46c1affd961e49635,1.114090166,Bacteria,Bacteroidetes,Bacteroidia,Bacteroidales,NA,NA,NA
770f7d3a475d262053eba6aa834fe847,1.226663557,Bacteria,Cyanobacteria,Chloroplast,Stramenopiles,NA,NA,NA
77117316924577ca04f89efb521085e4,1.524755598,Bacteria,Acidobacteria,Acidobacteriia,Acidobacteriales,Koribacteraceae,Candidatus Koribacter,NA
77a1a770ae64600697994534a58bf79f,1.138882981,Bacteria,WPS-2,NA,NA,NA,NA,NA
77b1bae07f6699087ee1e524b751785b,1.150796095,Bacteria,OD1,NA,NA,NA,NA,NA
77d819eb6bc665f4495830be1d8f116d,1.862403628,Bacteria,Proteobacteria,Alphaproteobacteria,Rickettsiales,mitochondria,Diplazium,pycnocarpon
780f32fb593894769ea5be6c9ca9a155,1.15115928,Bacteria,Firmicutes,Clostridia,Clostridiales,Ruminococcaceae,Ethanoligenens,NA
7812594c3042b99bfaaa901b44cecf03,1.671270147,Bacteria,Planctomycetes,Planctomycetia,Pirellulales,Pirellulaceae,NA,NA
7832dc59d24af507d12bb1b525fbe8b5,1.540638841,Bacteria,Acidobacteria,Acidobacteriia,Acidobacteriales,Acidobacteriaceae,NA,NA
7863f1fe10ce9f60d91e61925641e6a5,1.143522961,Bacteria,Proteobacteria,Alphaproteobacteria,Ellin329,NA,NA,NA
7885fa0fc71e3479f12d9025c0f8ceaa,1.594610721,Bacteria,Proteobacteria,Deltaproteobacteria,Syntrophobacterales,Syntrophaceae,Syntrophus,NA
79280b420a6069958c9228a9b71efccf,1.028717571,Bacteria,Planctomycetes,Planctomycetia,Gemmatales,Gemmataceae,NA,NA
798a26986abea9a9691ff0310ec5bc0c,1.120991831,Bacteria,Proteobacteria,Alphaproteobacteria,Rhizobiales,Methylobacteriaceae,Methylobacterium,adhaesivum
79a66814afbabad9f0895d2898c27d37,1.643653179,Bacteria,Acidobacteria,Solibacteres,JH-WHS99,NA,NA,NA
79e046495cbbf1162717ff79cb5d1476,1.383390986,Bacteria,Acidobacteria,Solibacteres,Solibacterales,Solibacteraceae,Candidatus Solibacter,NA
79f16a267c529b2b28933ebb1cf00da6,1.971026559,Bacteria,Nitrospirae,Nitrospira,Nitrospirales,[Thermodesulfovibrionaceae],NA,NA
7a0a443654e1c027dbb6695d6f0c96a1,1.213943273,Bacteria,Actinobacteria,NA,NA,NA,NA,NA
7a6e40de4edce566e795307f6adc59a6,1.04058914,Bacteria,Proteobacteria,Alphaproteobacteria,Rhodospirillales,Acetobacteraceae,Acidocella,NA
7a74e4e2480b7c207ff7ca8fc0889eb2,1.090753275,Bacteria,Verrucomicrobia,[Methylacidiphilae],S-BQ2-57,NA,NA,NA
7b028138ed8b32e3083aefb47c0b97e3,1.217913609,Bacteria,Cyanobacteria,ML635J-21,NA,NA,NA,NA
7b9b9a1d0d46f21b3fadcfe027b44ff4,1.104040832,Bacteria,Actinobacteria,Actinobacteria,Actinomycetales,NA,NA,NA
7bb45906a96e7bdf43119be47e0eea68,1.033808406,Bacteria,Proteobacteria,Alphaproteobacteria,Rhodospirillales,Acetobacteraceae,NA,NA
7bc44d17b15b30c1c2d64225188273ac,1.256372307,Bacteria,Proteobacteria,Gammaproteobacteria,Methylococcales,NA,NA,NA
7c855459156c91a5052a136f789c1f65,1.326507289,Bacteria,Proteobacteria,Gammaproteobacteria,Legionellales,NA,NA,NA
7cc5228376a42aed5c06ed70ba4be53e,1.060079906,Bacteria,Bacteroidetes,Bacteroidia,Bacteroidales,NA,NA,NA
7cfdab88e05f4a18667970b45dc16382,1.020114305,Bacteria,Acidobacteria,Acidobacteriia,Acidobacteriales,Koribacteraceae,NA,NA
7d11fefd21e1275fbfaa589ba6a02c34,1.047515129,Bacteria,Planctomycetes,Planctomycetia,Pirellulales,Pirellulaceae,A17,NA
7d8860186773f3925056fa3a59c3252c,1.383574106,Bacteria,Proteobacteria,Alphaproteobacteria,Caulobacterales,Caulobacteraceae,Phenylobacterium,NA
7db2a0547332703d2b2dfd3b17dc3805,1.500898079,Bacteria,OP3,BD4-9,NA,NA,NA,NA
7dcce4e0ccaa85a7a9490fdeb2fac01a,1.028799679,Archaea,Crenarchaeota,MBGA,NRP-J,NA,NA,NA
7ec439d6217b883515ec7280834989a5,1.194158211,Bacteria,Proteobacteria,Gammaproteobacteria,Xanthomonadales,Xanthomonadaceae,Rhodanobacter,NA
7f2e7845d09654065009f9ecc928b5ec,1.099904578,Bacteria,Proteobacteria,Alphaproteobacteria,Rhodospirillales,Rhodospirillaceae,NA,NA
7f45b5b8cefc9184a54505d99d064961,1.509801394,Bacteria,Firmicutes,Clostridia,Clostridiales,Clostridiaceae,Clostridium,NA
7f6502cc031c7469e5e55e2edf004876,1.181249003,Bacteria,Actinobacteria,Actinobacteria,Actinomycetales,NA,NA,NA
7f918c156a590ca16cbc5bc3fcb092eb,1.096456246,Bacteria,Chlamydiae,Chlamydiia,Chlamydiales,NA,NA,NA
7f9f0dd2e223a3e2be96f8760addb754,1.223859777,Bacteria,OD1,ABY1,NA,NA,NA,NA
8028c6706d85dd106b8b0822774d0111,1.112414276,Bacteria,Chlamydiae,Chlamydiia,Chlamydiales,Parachlamydiaceae,NA,NA
804c77bd70e968b703b1bb3e021792d9,1.437065257,Bacteria,Acidobacteria,DA052,Ellin6513,NA,NA,NA
80e5684a908aa7c17a22f0ad049651f5,1.011338477,Bacteria,Planctomycetes,Planctomycetia,Gemmatales,Gemmataceae,NA,NA
8140d42059140314be717bf4cf0e9271,1.201129643,Bacteria,Proteobacteria,Alphaproteobacteria,Caulobacterales,Caulobacteraceae,NA,NA
8190daf39c2f75ae0cd4fcb1bee02441,2.124672513,Bacteria,Proteobacteria,Betaproteobacteria,Rhodocyclales,Rhodocyclaceae,Hydrogenophilus,NA
81cc53509594c08c6e1b237b1648f571,1.329270996,Bacteria,Verrucomicrobia,[Pedosphaerae],[Pedosphaerales],auto67_4W,NA,NA
81d0260f9a7180a6b16477cc204736ca,1.372156102,Bacteria,Proteobacteria,Alphaproteobacteria,Rhizobiales,Hyphomicrobiaceae,NA,NA
82b768f0dac4e1c21a4ac42dd26e7c43,1.142410154,Bacteria,Proteobacteria,Alphaproteobacteria,Rhizobiales,Hyphomicrobiaceae,Rhodoplanes,NA
82bd69b7698c58bb3fc406d2e63236f9,1.189993554,Bacteria,Chlamydiae,Chlamydiia,NA,NA,NA,NA
836ff63017b1fd2f9376db3eead7aebd,1.011782563,Bacteria,Proteobacteria,Alphaproteobacteria,Rhodospirillales,Rhodospirillaceae,NA,NA
83cad817f0c8c297b6e9deb7136c213f,1.099139186,Bacteria,Planctomycetes,Planctomycetia,Gemmatales,Gemmataceae,Gemmata,NA
840ed9de030d7979c660f56822da1d6b,1.283304647,Bacteria,Planctomycetes,Planctomycetia,Pirellulales,Pirellulaceae,NA,NA
848c58468fc1efe873acb03096c9a40f,1.17114989,Bacteria,Proteobacteria,Deltaproteobacteria,MIZ46,NA,NA,NA
84a80cd61ee62a47f846ec1e4c3faf33,1.228553391,Bacteria,Chlamydiae,Chlamydiia,Chlamydiales,NA,NA,NA
84da4e817bc8eb84d895b1f46477c0f5,2.578226637,Bacteria,Acidobacteria,Acidobacteriia,Acidobacteriales,Acidobacteriaceae,NA,NA
84e9a57d9e85561c75249170df2d5da0,1.757749299,Bacteria,Acidobacteria,Acidobacteriia,Acidobacteriales,Acidobacteriaceae,NA,NA
860207ad3a3881a3f5f55bce04f1089c,2.761431509,Bacteria,Acidobacteria,Acidobacteriia,Acidobacteriales,Acidobacteriaceae,NA,NA
8699c8572bc51f646579c6db26ac2b65,2.170278151,Bacteria,Firmicutes,Clostridia,Clostridiales,Ruminococcaceae,Ethanoligenens,NA
86ef1914fc00823cf569326662a2c13d,1.597897714,Bacteria,Acidobacteria,Acidobacteriia,Acidobacteriales,Koribacteraceae,Candidatus Koribacter,NA
86f7c6a83131af6f2b5f00b0a90a9fb9,1.442800861,Bacteria,Proteobacteria,Betaproteobacteria,Burkholderiales,Oxalobacteraceae,NA,NA
87009a1376a5e2905e8974beb6478d9e,1.565356935,Bacteria,Planctomycetes,Planctomycetia,Gemmatales,Isosphaeraceae,NA,NA
871b65f79a7883920ea80e88aa0e6742,1.260907749,Bacteria,Firmicutes,Clostridia,Clostridiales,Ruminococcaceae,Ethanoligenens,NA
876b7fe700a0595571c7e8901e09f6ff,1.220550661,Bacteria,Acidobacteria,Acidobacteriia,Acidobacteriales,Koribacteraceae,NA,NA
87ddcbfd7dfdd8d0591c0f62a4f9cbd2,1.061070192,Bacteria,Fusobacteria,Fusobacteriia,Fusobacteriales,Fusobacteriaceae,Fusobacterium,NA
8853f22a61450048420b54586d33003e,1.417448132,Bacteria,Planctomycetes,Planctomycetia,Gemmatales,Isosphaeraceae,NA,NA
8858876d4a8754a61f306a412eeab389,1.70170242,Bacteria,Firmicutes,Clostridia,Clostridiales,Ruminococcaceae,Ethanoligenens,NA
886c5cba976c8568e942c6036ae0b4a8,1.255138978,Bacteria,Proteobacteria,Alphaproteobacteria,Rhizobiales,Hyphomicrobiaceae,Rhodoplanes,NA
89259bb90805fe44f1dc321bfc22650d,1.387717758,Bacteria,Proteobacteria,Gammaproteobacteria,Legionellales,Coxiellaceae,NA,NA
896b7eac5bb77f3ad4ae29a26bab83d8,1.071311951,Bacteria,Proteobacteria,Betaproteobacteria,Neisseriales,Neisseriaceae,Chromobacterium,NA
89775aa0179158fc609477901933c5c1,1.454589488,Bacteria,Proteobacteria,Gammaproteobacteria,Pseudomonadales,Moraxellaceae,Acinetobacter,NA
89bb4084a0c12ba86f6c9d8c8ff954fd,1.442379993,Bacteria,TM6,SJA-4,NA,NA,NA,NA
8b0ccefdf439ccdc2e2572dade2d66b6,1.095927765,Bacteria,Proteobacteria,Deltaproteobacteria,Myxococcales,NA,NA,NA
8b29ede01c23754daa19064ebd768e52,1.993731036,Bacteria,Proteobacteria,Alphaproteobacteria,Rhizobiales,Methylocystaceae,NA,NA
8b61103b396a6e63a3de29e0f9210cc6,2.66831509,Bacteria,Acidobacteria,Solibacteres,Solibacterales,NA,NA,NA
8bb401ca772b15d41d2d86629a9a19c3,1.150358359,Bacteria,Proteobacteria,Alphaproteobacteria,Rhizobiales,Hyphomicrobiaceae,Rhodoplanes,NA
8bc3a937882d0a353d2d35864685d3b8,1.11364409,Bacteria,Acidobacteria,Solibacteres,Solibacterales,Solibacteraceae,Candidatus Solibacter,NA
8c518e201aa2bc52b09481ebe91ee50e,1.30848003,Bacteria,Proteobacteria,Alphaproteobacteria,Rhodospirillales,Acetobacteraceae,NA,NA
8c91df5761041b0409fa8fa0a4a2463e,1.03646409,Bacteria,Proteobacteria,Alphaproteobacteria,Rhodospirillales,Acetobacteraceae,NA,NA
8ce123e2ae3da1b38628c9c2131184c3,1.477642772,Bacteria,Acidobacteria,Acidobacteriia,Acidobacteriales,Koribacteraceae,NA,NA
8d47ba6cf86361ca9595c6aea75b2701,1.168720605,Bacteria,Planctomycetes,Planctomycetia,Gemmatales,Gemmataceae,NA,NA
8e3f263fcf338e88cc92fe7be312d791,1.105286183,Bacteria,Verrucomicrobia,[Pedosphaerae],[Pedosphaerales],NA,NA,NA
8e4503d00dd1f008892decd451497be9,1.152998553,Bacteria,Acidobacteria,Acidobacteriia,Acidobacteriales,Koribacteraceae,NA,NA
8e738d82ccbb71dc7f2a106aef45b8c2,1.403400245,Bacteria,Actinobacteria,Acidimicrobiia,Acidimicrobiales,NA,NA,NA
8ed7ae8a6be785bb58e991e53a999b8f,2.644456633,Bacteria,Acidobacteria,Acidobacteriia,Acidobacteriales,Acidobacteriaceae,NA,NA
8ee4eef96382e73c38e67bbc5fd7a1b9,1.389689157,Bacteria,Proteobacteria,Gammaproteobacteria,Legionellales,Coxiellaceae,Aquicella,NA
8f10f2e6ca1772ceefc3a9ccf4e94eec,1.208235341,Bacteria,Proteobacteria,Gammaproteobacteria,Legionellales,Coxiellaceae,NA,NA
8f11ecf0eb86c02156de266fdad1d928,1.270705215,Bacteria,Proteobacteria,Alphaproteobacteria,Rhodospirillales,Acetobacteraceae,NA,NA
8f1cf6be8b8190f40d6c101aa8da2aa8,1.098119174,Bacteria,Proteobacteria,Alphaproteobacteria,Rhodospirillales,Rhodospirillaceae,Reyranella,massiliensis
8f4fa1438d94bcc6b03ce18bcbd38e53,1.281168341,Bacteria,Proteobacteria,Gammaproteobacteria,Oceanospirillales,Oceanospirillaceae,NA,NA
8f8b4b59a11b0d55d9eb6df7dcaf868b,1.193622597,Bacteria,Proteobacteria,Alphaproteobacteria,Caulobacterales,Caulobacteraceae,NA,NA
8fc516ab1e7bda58a272f610794fcf6d,1.899503427,Bacteria,Firmicutes,Clostridia,Clostridiales,Ruminococcaceae,Ethanoligenens,NA
8fc75aadb568144d89cee8650d02cbb3,1.105951721,Bacteria,Actinobacteria,Thermoleophilia,Solirubrobacterales,NA,NA,NA
8fe2dd14192c6de7d3d8a6222565bfef,1.214204558,Bacteria,Planctomycetes,Planctomycetia,Gemmatales,Gemmataceae,NA,NA
90856ef0037491b982c41d69f4f71372,1.101074839,Bacteria,Acidobacteria,Acidobacteriia,Acidobacteriales,Acidobacteriaceae,Acidicapsa,borealis
909554d4a05560388b12126bdad52afc,1.341532098,Bacteria,Proteobacteria,Gammaproteobacteria,Pseudomonadales,Pseudomonadaceae,Pseudomonas,NA
90e42c7218cafcb017f687ab2880f804,1.710656611,Bacteria,Proteobacteria,Gammaproteobacteria,Xanthomonadales,Sinobacteraceae,NA,NA
9103a741652757572aa106aa017877ae,1.278338521,Bacteria,Proteobacteria,Alphaproteobacteria,Caulobacterales,Caulobacteraceae,Brevundimonas,NA
91a59ab786ebdf3d0b82d50b7aca9857,1.529530141,Bacteria,Proteobacteria,Alphaproteobacteria,Rhizobiales,Hyphomicrobiaceae,Rhodoplanes,NA
91aebe0b753c6db81e9c1529ff8e8152,1.278018048,Bacteria,Proteobacteria,Deltaproteobacteria,FAC87,NA,NA,NA
91e761e91b4e585455a0afd0a50e8309,1.265795484,Bacteria,Planctomycetes,Planctomycetia,Gemmatales,Gemmataceae,NA,NA
9261e97a49b7de11bd9e128580edbe4a,1.100859547,Bacteria,Acidobacteria,Solibacteres,Solibacterales,NA,NA,NA
9269f9d0ee60221bfcf7d96d9efe3c0d,1.22082917,Bacteria,Planctomycetes,Planctomycetia,Pirellulales,Pirellulaceae,A17,NA
928e2ed6ea080dd5ee0eb3c077962f9e,1.256352541,Bacteria,Chlamydiae,Chlamydiia,Chlamydiales,Rhabdochlamydiaceae,Candidatus Rhabdochlamydia,NA
92972115f1e1158a4b512153dbbb947b,2.591262806,Bacteria,Firmicutes,Clostridia,Clostridiales,Clostridiaceae,Clostridium,pasteurianum
92cb13b6e353650e0cdb757bfc5e0a06,1.146632034,Bacteria,Chloroflexi,S085,NA,NA,NA,NA
930c3edf39227f31377f699ee5a45fe2,1.68720814,Bacteria,Acidobacteria,Acidobacteriia,Acidobacteriales,Koribacteraceae,NA,NA
9345842650b52fd31483da615bada27b,1.358192807,Bacteria,Proteobacteria,Deltaproteobacteria,Myxococcales,NA,NA,NA
9370f0df340984e350c1cd96c8b1e704,1.595571918,Bacteria,WPS-2,NA,NA,NA,NA,NA
93ae9e1219c3b61dc91404e5f324dfeb,1.649852413,Bacteria,Proteobacteria,Gammaproteobacteria,Oceanospirillales,Alcanivoracaceae,Alcanivorax,NA
93fe8e2fe7fce3a9fd30bbef284d9db8,1.092778416,Bacteria,Firmicutes,Clostridia,Clostridiales,Clostridiaceae,NA,NA
949a77e79e937ab4748790ca6e48ad7a,1.416741648,Bacteria,Chlamydiae,Chlamydiia,Chlamydiales,Parachlamydiaceae,Candidatus Protochlamydia,NA
94b1131d5d5999abf2d7ee015324e00b,1.34228976,Bacteria,Proteobacteria,Deltaproteobacteria,Desulfuromonadales,Geobacteraceae,Geobacter,NA
94df0fdf2f08b31be5bd3fc7832de106,1.222316457,Bacteria,Planctomycetes,Planctomycetia,Gemmatales,Gemmataceae,NA,NA
9544acda098572aa27ce2bfa053c01ed,1.192879822,Bacteria,Proteobacteria,Alphaproteobacteria,Sphingomonadales,Sphingomonadaceae,Novosphingobium,NA
9559ac614bf564af5393f48a2aa503c1,1.220702168,Bacteria,Planctomycetes,Planctomycetia,Gemmatales,Isosphaeraceae,NA,NA
95f2c873f51424c9bf85a932d422cd33,1.22310297,Bacteria,Proteobacteria,Alphaproteobacteria,Rhizobiales,Hyphomicrobiaceae,Rhodoplanes,NA
9627cfcc56cee1f4bb4850b858b2857b,1.161841193,Bacteria,Chlamydiae,Chlamydiia,Chlamydiales,Rhabdochlamydiaceae,Candidatus Rhabdochlamydia,NA
963837c2ec6e9b70208297d83d511a2e,2.220563909,Bacteria,Firmicutes,Clostridia,Clostridiales,Clostridiaceae,Clostridium,pasteurianum
96d21b22d9a640769f242221d15fb845,1.210036199,Bacteria,Proteobacteria,Betaproteobacteria,Rhodocyclales,Rhodocyclaceae,NA,NA
972f4f699e9ee28ffeba2d15b1c5a4c2,1.262942018,Bacteria,Actinobacteria,Actinobacteria,Actinomycetales,Micrococcaceae,Rothia,dentocariosa
97d38011e363a5aa7c7e9917ef0ce7a8,1.079177136,Bacteria,Actinobacteria,Actinobacteria,Actinomycetales,Corynebacteriaceae,Corynebacterium,NA
97e22af2bb7c92b1c5bdcd825104d43e,1.282456232,Bacteria,WPS-2,NA,NA,NA,NA,NA
985f7ed11246289e2b3570926c775c8d,1.382087703,Bacteria,Proteobacteria,Deltaproteobacteria,Myxococcales,NA,NA,NA
998c66582a4bfa19958ab33224a3fe98,1.218301886,Bacteria,Planctomycetes,Planctomycetia,Pirellulales,Pirellulaceae,A17,NA
99f127b1bae32d941b3e2f4540bfe65f,1.144203168,Bacteria,Bacteroidetes,Flavobacteriia,Flavobacteriales,Flavobacteriaceae,NA,NA
9a533abb9be353099f0e7442d1f76372,1.217753304,Bacteria,Planctomycetes,Phycisphaerae,WD2101,NA,NA,NA
9af76817252ece29f7ce5caf0ed352ae,1.283707774,Bacteria,Proteobacteria,Deltaproteobacteria,Syntrophobacterales,Syntrophaceae,Syntrophus,NA
9b42ad204f3b69ae96b86077a110ee5b,1.441014317,Bacteria,Planctomycetes,Planctomycetia,Gemmatales,Gemmataceae,NA,NA
9b48bc3814418f1cdac9556005bf1dc8,1.260908631,Bacteria,OP3,koll11,GIF10,NA,NA,NA
9b89841dcf900c332a74bf139fce9249,1.454843599,Bacteria,Proteobacteria,Gammaproteobacteria,Alteromonadales,Psychromonadaceae,Psychromonas,NA
9bb7cd1022b48e5bbbdedb69959d2da2,1.23662648,Bacteria,Verrucomicrobia,[Spartobacteria],[Chthoniobacterales],[Chthoniobacteraceae],Candidatus Xiphinematobacter,NA
9c040d620ee16368357abeb94cf5168b,1.241413988,Bacteria,Actinobacteria,Actinobacteria,Actinomycetales,Actinomycetaceae,Actinomyces,NA
9c3dbb57d1940c8bea080c0dca7ae62c,1.203738684,Bacteria,Acidobacteria,Solibacteres,Solibacterales,NA,NA,NA
9c914de0e734093968848584cd6bb008,1.482360451,Bacteria,Actinobacteria,Actinobacteria,Actinomycetales,Microbacteriaceae,Salinibacterium,NA
9d057bd24d210749670e825c213a5b0b,1.232988124,Bacteria,Actinobacteria,Thermoleophilia,Gaiellales,Gaiellaceae,NA,NA
9d7b53d4abcc5d98d905fd1d090d0004,1.213967015,Bacteria,OD1,ZB2,NA,NA,NA,NA
9ed81725567e42c36fe0806a3902cfc3,1.386059935,Bacteria,Proteobacteria,Gammaproteobacteria,Legionellales,Coxiellaceae,NA,NA
9f03ad05466f8fce9d3d40fda193451a,2.324993557,Bacteria,Proteobacteria,Betaproteobacteria,NA,NA,NA,NA
9f4bd43fca11f5c346765adfdd97ce01,1.112602739,Bacteria,Verrucomicrobia,[Pedosphaerae],[Pedosphaerales],auto67_4W,NA,NA
9f72697f751ffe8a950e0d4e5cfb9332,1.094272553,Bacteria,Proteobacteria,Alphaproteobacteria,Ellin329,NA,NA,NA
a0040b7274b5e9f303260bdc5317b7ce,1.383735532,Bacteria,Planctomycetes,Planctomycetia,Gemmatales,Gemmataceae,NA,NA
a09087f9a2425e9657dcdbdcfb8ade7b,1.815309025,Bacteria,Acidobacteria,Solibacteres,Solibacterales,Solibacteraceae,Candidatus Solibacter,NA
a09e5d91f7b902eac3ae667135801c17,1.055887264,Bacteria,Proteobacteria,Alphaproteobacteria,Rhodospirillales,Acetobacteraceae,NA,NA
a110b462592de36df5bc2f40b85e3b54,1.294433912,Bacteria,Chlamydiae,Chlamydiia,Chlamydiales,Rhabdochlamydiaceae,Candidatus Rhabdochlamydia,NA
a1ee89804ceeccee602607a4615afe2e,1.23349536,Bacteria,Proteobacteria,Gammaproteobacteria,Methylococcales,Crenotrichaceae,Crenothrix,NA
a201f3182d2672ef1f8bfbb0cbbc7529,1.111404522,Bacteria,Cyanobacteria,Nostocophycideae,Nostocales,Nostocaceae,NA,NA
a21fc327377fb1401a8027bec206bce8,1.055512839,Bacteria,OP11,OP11-3,NA,NA,NA,NA
a23aeba804d5a44d0295dd702667fcb9,1.261791892,Bacteria,Actinobacteria,Acidimicrobiia,Acidimicrobiales,NA,NA,NA
a2c6f5e6b760acd921710d203d5d939d,1.044856242,Bacteria,Planctomycetes,Planctomycetia,Gemmatales,Gemmataceae,NA,NA
a34454759ac057336578b80e3f3439eb,3.015349694,Bacteria,Firmicutes,Clostridia,Clostridiales,Veillonellaceae,NA,NA
a38f793f79f42c513d23a820e9cacd61,1.173762775,Bacteria,Actinobacteria,Actinobacteria,Actinomycetales,Pseudonocardiaceae,NA,NA
a3966235e2bbb14f2d5a44f29ac8d52d,1.846773938,Bacteria,Acidobacteria,Solibacteres,Solibacterales,NA,NA,NA
a486f130025d865c93f55a86ab25e7f8,2.202837133,Bacteria,Firmicutes,Clostridia,Clostridiales,Clostridiaceae,Clostridium,pasteurianum
a4bcc09ab82251f8cbf882fe6fb552c7,1.108695482,Bacteria,Elusimicrobia,Elusimicrobia,IIb,NA,NA,NA
a4c5fbefa3a6ceaebf2136d694383309,1.521648329,Bacteria,Cyanobacteria,4C0d-2,MLE1-12,NA,NA,NA
a57a8f372381cd75e8c5faf98f232154,1.066040031,Bacteria,OP3,koll11,GIF10,NA,NA,NA
a5f3f10a1f33e179880b7cc386bed0d0,1.42119014,Bacteria,Proteobacteria,Alphaproteobacteria,Rhizobiales,Hyphomicrobiaceae,Rhodoplanes,NA
a5fc2e92c0bc080a31eeda4f8e9f89a4,1.492744615,Bacteria,Acidobacteria,DA052,Ellin6513,NA,NA,NA
a5fcd43469dc9db6ed3655358e73e373,2.89769536,Bacteria,Proteobacteria,Gammaproteobacteria,Enterobacteriales,Enterobacteriaceae,NA,NA
a6d3d4b2e22531833b923540e8b5415f,1.351960884,Bacteria,Firmicutes,Clostridia,Clostridiales,Ruminococcaceae,Ethanoligenens,NA
a74becf38017a918255e71464d5793ee,1.554090124,Bacteria,Proteobacteria,Alphaproteobacteria,Rhizobiales,Hyphomicrobiaceae,Rhodoplanes,NA
a7bf15ebba709c02d2378b44132016be,1.625458937,Bacteria,Acidobacteria,Solibacteres,Solibacterales,NA,NA,NA
a8706bbafd4f7bec7de92c4d2a320795,1.704742295,Bacteria,Proteobacteria,Deltaproteobacteria,Syntrophobacterales,Syntrophaceae,Desulfobacca,NA
a8a0e6319939d159cf3fa53d80a75b86,1.529441296,Bacteria,Bacteroidetes,Flavobacteriia,Flavobacteriales,Blattabacteriaceae,Sulcia,muelleri
a8c95e8d01ffc1e5e4652c00596a3a70,1.246296039,Bacteria,Firmicutes,Clostridia,Clostridiales,Ruminococcaceae,Ethanoligenens,NA
a8ecb4d4f93733da1ca9807088317300,1.170116055,Bacteria,Proteobacteria,Deltaproteobacteria,Myxococcales,NA,NA,NA
a9428f7c930e2d1d2bf7fbb856456205,2.073175046,Bacteria,Proteobacteria,Gammaproteobacteria,Pseudomonadales,Pseudomonadaceae,Pseudomonas,fragi
a9e949515d4b53f08e9e56bb3af8f1a5,1.431349336,Bacteria,Planctomycetes,Planctomycetia,Gemmatales,Isosphaeraceae,NA,NA
ab3510b9b32bb45d624780375bec32cb,2.547359496,Bacteria,Acidobacteria,Acidobacteriia,Acidobacteriales,Acidobacteriaceae,NA,NA
ab4527bfb69b45645ce6f8b5553e6990,1.240162394,Bacteria,Proteobacteria,Alphaproteobacteria,Rhodospirillales,Acetobacteraceae,NA,NA
abcfc97b0d06e2139ccbc6dd7b81e144,1.029435616,Bacteria,Proteobacteria,Alphaproteobacteria,Ellin329,NA,NA,NA
ac0d0f6bf0963521d512c05bd003ac37,1.329442739,Bacteria,Chlamydiae,Chlamydiia,Chlamydiales,NA,NA,NA
ac319b02cbe145cddd73c61217f8c109,1.277396104,Bacteria,Proteobacteria,Gammaproteobacteria,Alteromonadales,Alteromonadaceae,Marinobacter,NA
ac61bb2c2ff2bf7309f14aac6853d67d,1.300645488,Bacteria,Acidobacteria,Acidobacteriia,Acidobacteriales,Acidobacteriaceae,NA,NA
ac88320ee5a5ec008cf08846633f92bd,1.120568247,Bacteria,Acidobacteria,Acidobacteriia,Acidobacteriales,Koribacteraceae,Candidatus Koribacter,NA
ad36057730eee3334b3561f04610ded3,2.102834856,Bacteria,Proteobacteria,Alphaproteobacteria,Rhodospirillales,Rhodospirillaceae,Telmatospirillum,siberiense
ad3a3e5772638133c560a2093117e7a5,1.113841975,Bacteria,TM6,SJA-4,NA,NA,NA,NA
af837d6e30474ee63d946398b58d3de6,1.476675579,Bacteria,Planctomycetes,Phycisphaerae,WD2101,NA,NA,NA
af89f35c6b754246ec3dec882c406742,1.116395094,Bacteria,Proteobacteria,Deltaproteobacteria,Bdellovibrionales,Bdellovibrionaceae,Bdellovibrio,NA
afa4b8a7a5ae2946d2c01f8d5d43c9d9,1.48117272,Bacteria,Proteobacteria,Alphaproteobacteria,Rhodospirillales,Acetobacteraceae,NA,NA
b003b03d79ee35c7cabcb61da041d5f6,1.526904627,Bacteria,Chlamydiae,Chlamydiia,Chlamydiales,NA,NA,NA
b051d9d34d8a8ada0eaa8f18b06e58a9,1.082635837,Bacteria,Proteobacteria,Gammaproteobacteria,Methylococcales,Methylococcaceae,Methylomonas,NA
b0ee01402a16e85248a93251f3daf3f6,1.16420446,Bacteria,Actinobacteria,Acidimicrobiia,Acidimicrobiales,NA,NA,NA
b0fa9fd67f1f874b84e7cfea14ae42a4,1.463634128,Bacteria,Proteobacteria,Gammaproteobacteria,Xanthomonadales,Sinobacteraceae,NA,NA
b15eea816185307302070f4384df252e,1.336298209,Bacteria,Planctomycetes,Planctomycetia,Gemmatales,Gemmataceae,NA,NA
b1b8738ca679c1266fa0369c13932a61,1.140954927,Bacteria,Actinobacteria,Actinobacteria,Actinomycetales,Corynebacteriaceae,Corynebacterium,NA
b235306166aa93a028214ea279d91e5d,1.030114194,Bacteria,Proteobacteria,Alphaproteobacteria,Rhizobiales,Methylocystaceae,Rhodoblastus,acidophilus
b2ae764737e4259b69d04474f83766a1,1.0124805,Bacteria,Actinobacteria,Actinobacteria,Actinomycetales,Corynebacteriaceae,Corynebacterium,NA
b2ce0016effdb62c6050d3a9e09df918,1.134793284,Bacteria,Actinobacteria,Actinobacteria,Actinomycetales,NA,NA,NA
b2f0ab2599b388a19b00d086bf9ff67c,1.109604645,Bacteria,Chlamydiae,Chlamydiia,Chlamydiales,Rhabdochlamydiaceae,Candidatus Rhabdochlamydia,NA
b367795a08289f8e82241c69dbd2f6bc,2.507844299,Bacteria,Firmicutes,Clostridia,Clostridiales,Clostridiaceae,Caloramator,NA
b3cd949a314417f60d9ce7fae9e2b75f,1.114584898,Archaea,[Parvarchaeota],[Parvarchaea],YLA114,NA,NA,NA
b3f0b389c0e3b372aa8fa107dc27f56c,1.15518796,Bacteria,Chlamydiae,Chlamydiia,Chlamydiales,Rhabdochlamydiaceae,Candidatus Rhabdochlamydia,NA
b3ffd777ab4b9bea4a0136e987f7b752,1.379240859,Bacteria,Proteobacteria,Alphaproteobacteria,Rhizobiales,Bradyrhizobiaceae,Bosea,genosp.
b4ac5826d4b30e574d8e31113942d286,1.169607308,Bacteria,Proteobacteria,Deltaproteobacteria,Syntrophobacterales,Syntrophobacteraceae,NA,NA
b4e99a1d741849c4d7b101f2ba3ba358,1.193847639,Bacteria,Proteobacteria,Deltaproteobacteria,Myxococcales,NA,NA,NA
b500b621faa2e5ee4f0cf92f8fcb0b4a,1.236343521,Bacteria,Acidobacteria,Acidobacteriia,Acidobacteriales,Acidobacteriaceae,Telmatobacter,bradus
b538922ce91134aed28c76c8ec479bf1,1.756733513,Bacteria,Acidobacteria,TM1,NA,NA,NA,NA
b55521a4bae860814b1fb3438534aa9a,1.012163145,Bacteria,Chlamydiae,Chlamydiia,Chlamydiales,Rhabdochlamydiaceae,Candidatus Rhabdochlamydia,NA
b5fdbced6422a072c39a71176c7fc938,1.380904731,Bacteria,OD1,NA,NA,NA,NA,NA
b6174303f96a560d74f6d017ae7eeae4,1.225442179,Bacteria,Acidobacteria,Solibacteres,Solibacterales,NA,NA,NA
b6ad7ad1521ba4aaa1c3cadcd918d53a,1.158992568,Bacteria,Proteobacteria,Gammaproteobacteria,Xanthomonadales,Sinobacteraceae,NA,NA
b7b36bd5d890589b56644ac9cf713943,1.448485537,Bacteria,Acidobacteria,DA052,Ellin6513,NA,NA,NA
b8d3733486ea6fdb17eb36d74fce04e3,1.004592757,Bacteria,Proteobacteria,Gammaproteobacteria,Methylococcales,Crenotrichaceae,Crenothrix,NA
b916896e9d1693d22f6c36cb1d6c360d,1.987264983,Bacteria,Firmicutes,Clostridia,Clostridiales,Clostridiaceae,Clostridium,NA
b917effe0e3a87c2832723d16773550a,1.280548131,Bacteria,Firmicutes,Clostridia,Clostridiales,Clostridiaceae,Clostridium,butyricum
ba3d21d87d7161ce7c5c185879357883,1.251056934,Bacteria,Proteobacteria,Deltaproteobacteria,Syntrophobacterales,Syntrophaceae,Syntrophus,NA
bb22ee8524b64974b62a20d03abfeb8c,1.293776947,Bacteria,Acidobacteria,Acidobacteriia,Acidobacteriales,Acidobacteriaceae,NA,NA
bb8596684c922b2eac523c820f8deed9,1.422143072,Bacteria,Acidobacteria,DA052,Ellin6513,NA,NA,NA
bbd73f152606fda2f6885e26d8cb73d7,1.282527962,Bacteria,Proteobacteria,Gammaproteobacteria,HTCC2188,NA,NA,NA
bbe8acbdb038432ce1f5eea1dca41172,1.173295013,Bacteria,Proteobacteria,Alphaproteobacteria,Rhizobiales,Beijerinckiaceae,Methyloferula,stellata
bc1182b47a93e0446b5eab7d6815f565,1.544876669,Bacteria,Firmicutes,Clostridia,Clostridiales,Clostridiaceae,Clostridium,NA
bc6dbf059f2c5678f03a0c50a7521ccc,1.06540083,Bacteria,Acidobacteria,Acidobacteriia,Acidobacteriales,Acidobacteriaceae,NA,NA
bcc607cc1e9de5b50a854ab2ba691299,1.203161782,Bacteria,Verrucomicrobia,[Pedosphaerae],[Pedosphaerales],auto67_4W,NA,NA
bcdba5019ebf5b73eb290e30c4a51e95,1.063758199,Bacteria,Acidobacteria,Acidobacteriia,Acidobacteriales,Koribacteraceae,NA,NA
bd643684a011fc9dd51b10b2dcce0437,1.05968187,Bacteria,Proteobacteria,Alphaproteobacteria,Rhizobiales,NA,NA,NA
bd76b6f1be4d27c7ff2a0f70c72814b7,1.764782721,Bacteria,Chloroflexi,Ktedonobacteria,Ktedonobacterales,Ktedonobacteraceae,NA,NA
bdb9eb499711c1f70b2426b4c8cdc85c,1.129632812,Archaea,Crenarchaeota,MCG,NA,NA,NA,NA
bee398201de3ddfad8519b7ed2da6286,1.083790011,Bacteria,Planctomycetes,Planctomycetia,Gemmatales,Gemmataceae,NA,NA
bf07213f9989bf9560b3f6a4103baf1c,1.248384031,Bacteria,Proteobacteria,Gammaproteobacteria,Methylococcales,Crenotrichaceae,Crenothrix,NA
bf2b2800bc696775ff1a9b98d9d4ddeb,1.191235489,Bacteria,Fibrobacteres,TG3,TG3-1,B122,NA,NA
bf44a168c231d111947c2b19dcfe4809,1.016443211,Bacteria,Chlamydiae,Chlamydiia,NA,NA,NA,NA
bf7829655c067e42748ddad960bc4b7f,1.772058829,Bacteria,Planctomycetes,Phycisphaerae,WD2101,NA,NA,NA
bfca61db85f2f194070ff75d357a7ead,1.019519223,Bacteria,Acidobacteria,DA052,Ellin6513,NA,NA,NA
bfdfd5193facd56a35ad0790f837879d,1.799464936,Bacteria,Actinobacteria,Acidimicrobiia,Acidimicrobiales,NA,NA,NA
c03f10101a1966c2f353e7f8afd4ff6f,1.603737549,Bacteria,Acidobacteria,Acidobacteriia,Acidobacteriales,Koribacteraceae,NA,NA
c08125dbdc2a5fc88983efa6190872aa,1.228278724,Bacteria,Acidobacteria,DA052,Ellin6513,NA,NA,NA
c11ece8d2ea1f324457aa826c99c8c4d,1.450617896,Bacteria,Bacteroidetes,Cytophagia,Cytophagales,[Amoebophilaceae],Candidatus Amoebophilus,NA
c1871f6272221e588d52cfc9d1af317c,1.852293762,Bacteria,Firmicutes,Clostridia,Clostridiales,Ruminococcaceae,Ethanoligenens,NA
c18e4566343f341ece7320913bf8a885,1.078852828,Bacteria,Acidobacteria,Acidobacteriia,Acidobacteriales,Acidobacteriaceae,NA,NA
c1f780285a002df987d6a35a11a4bf04,1.665038559,Bacteria,Proteobacteria,Gammaproteobacteria,Oceanospirillales,Oceanospirillaceae,NA,NA
c2485d5222fb56a2c843f8b846960860,1.001336222,Bacteria,Actinobacteria,Thermoleophilia,Solirubrobacterales,NA,NA,NA
c28051c59d068472273d4fd52edbe4fe,1.171213338,Bacteria,Actinobacteria,Actinobacteria,Actinomycetales,Brevibacteriaceae,Brevibacterium,NA
c2d351dcdd5ade347025d3f38706fe55,1.058095137,Bacteria,Proteobacteria,Alphaproteobacteria,Rhodospirillales,Acetobacteraceae,NA,NA
c33c497bcbd4fe52d9f0ce235816a9df,1.137138731,Bacteria,TM6,SJA-4,NA,NA,NA,NA
c34225b83f2c938742ac12a71fe7e965,1.531273678,Bacteria,Acidobacteria,DA052,Ellin6513,NA,NA,NA
c388b3c0d805f861bfa84389bce57bcc,1.052069834,Bacteria,Planctomycetes,Planctomycetia,Gemmatales,Gemmataceae,NA,NA
c3ed432ba7f3ff65a1a7da21fd6d8015,1.165703063,Bacteria,TM6,SBRH58,NA,NA,NA,NA
c4e66245553fd845f6d4c2fc8a54b6b5,1.222042113,Bacteria,Planctomycetes,Planctomycetia,Gemmatales,Gemmataceae,NA,NA
c501d592b55298b4ff1632b94596346f,1.31306276,Bacteria,Proteobacteria,Gammaproteobacteria,Thiotrichales,Piscirickettsiaceae,NA,NA
c51a8885c5b58f7832ce3d4668636c69,1.971432062,Bacteria,Cyanobacteria,Chloroplast,Streptophyta,NA,NA,NA
c591fb695e624505e031640109a754b2,1.474518335,Bacteria,TM6,SJA-4,NA,NA,NA,NA
c5ae565f53eda6c6577e6e4ddd4e0010,1.269243809,Bacteria,Acidobacteria,Acidobacteriia,Acidobacteriales,Koribacteraceae,NA,NA
c6266fa367dd183341e7e8f0b61d8250,1.056201458,Bacteria,Proteobacteria,Alphaproteobacteria,Rhodospirillales,Rhodospirillaceae,Telmatospirillum,NA
c6550ba36303d55bc6bf609b1cf31339,1.047623594,Bacteria,Proteobacteria,Gammaproteobacteria,Methylococcales,Methylococcaceae,Methylomonas,NA
c6d66fac3d815783e08a47b12599913f,1.665221931,Bacteria,Proteobacteria,Gammaproteobacteria,Pseudomonadales,Pseudomonadaceae,Pseudomonas,alcaligenes
c70926c305ea126be3688a457dcbe266,1.412681423,Bacteria,Firmicutes,Clostridia,Clostridiales,Clostridiaceae,Clostridium,NA
c76c79cc52adecd6e1b95bc83ec0d28e,1.211199226,Bacteria,OD1,NA,NA,NA,NA,NA
c7bc40b0f1a0a41915c0a0c1cfbffb9a,1.22022429,Bacteria,Bacteroidetes,[Saprospirae],[Saprospirales],Chitinophagaceae,NA,NA
c8200d6e44e0d561f4ccc51bdcafad64,1.152387964,Bacteria,Planctomycetes,Planctomycetia,Gemmatales,Gemmataceae,NA,NA
c89ef33128e5535b8a1f57d7cdbffba3,1.202965817,Bacteria,Proteobacteria,Alphaproteobacteria,Rhodospirillales,Rhodospirillaceae,Azospirillum,amazonense
ca9044587b736afe881ba6969dabf6a1,2.28501532,Bacteria,Proteobacteria,Alphaproteobacteria,Rhizobiales,Hyphomicrobiaceae,Rhodoplanes,NA
caa13705f270ab3407ebd7cdacbf20cf,1.110434855,Bacteria,Proteobacteria,Alphaproteobacteria,Rhizobiales,Methylocystaceae,NA,NA
cac269bb00cb67740274cc5bef58f788,1.092710542,Bacteria,Acidobacteria,Solibacteres,Solibacterales,Solibacteraceae,Candidatus Solibacter,NA
caee1ba2b1fff540c200c20b21a19fb2,1.558092285,Bacteria,Proteobacteria,Deltaproteobacteria,Syntrophobacterales,Syntrophorhabdaceae,NA,NA
cb5b39232ea4bffd7f1ed607f1d921fd,1.688005737,Bacteria,Firmicutes,Clostridia,Clostridiales,Clostridiaceae,Clostridium,NA
cb6779942e98c3962e7274da047669db,1.057923994,Bacteria,Actinobacteria,Actinobacteria,Actinomycetales,NA,NA,NA
cb790dfa4367d6dff4eba625b1221100,1.092358318,Bacteria,Planctomycetes,Planctomycetia,Gemmatales,Isosphaeraceae,NA,NA
cb866c40a7b4301c9d6fd78326d6000a,1.527114577,Bacteria,Verrucomicrobia,Opitutae,Opitutales,Opitutaceae,Opitutus,NA
cb8ba294d163c7ac3a113b435cc8c1cc,1.897810025,Archaea,Euryarchaeota,Methanomicrobia,Methanocellales,NA,NA,NA
cbf2ce409b264ad9b2a352d2bb8fa6cd,2.124583116,Bacteria,Bacteroidetes,Flavobacteriia,Flavobacteriales,Flavobacteriaceae,Flavobacterium,succinicans
cc04cb30bc0a6854a5ed56b84731ddfe,2.13966377,Bacteria,Firmicutes,Clostridia,Clostridiales,Ruminococcaceae,Ethanoligenens,NA
cc159bfa9920009acf1b344f61f4c5d8,1.472194147,Bacteria,Proteobacteria,Gammaproteobacteria,Legionellales,NA,NA,NA
cca741272f7bd89282820288b6a06d71,2.272837406,Bacteria,Chloroflexi,Ktedonobacteria,Ktedonobacterales,Ktedonobacteraceae,NA,NA
ccf825c4791dc4b4014c8ddaae072c55,1.861911546,Bacteria,Actinobacteria,Actinobacteria,Actinomycetales,Corynebacteriaceae,Corynebacterium,NA
cddec829ad0d5871efa7cfa801e0ee3f,1.215945213,Bacteria,Planctomycetes,Planctomycetia,Gemmatales,Isosphaeraceae,NA,NA
cde1896e10d4017472c059b3d764b48d,1.236343521,Bacteria,Armatimonadetes,Chthonomonadetes,Chthonomonadales,Chthonomonadaceae,NA,NA
cee79b6460ca5b8336e80a16916ee4c4,1.315102116,Archaea,Crenarchaeota,MBGA,NRP-J,NA,NA,NA
cf9ce3a7681df3813b118e073ea1b6a5,1.123250192,Bacteria,Proteobacteria,Gammaproteobacteria,Legionellales,Coxiellaceae,NA,NA
d041eed379ee7d5d160df2a4d9fd0e4c,1.15331301,Bacteria,Acidobacteria,Acidobacteria-6,iii1-15,NA,NA,NA
d06d9006673d1d6ab1d9fa4726fdecc1,2.014180289,Bacteria,Armatimonadetes,SJA-176,GAB-B06,NA,NA,NA
d088e2d38087422689ae05914a0ee4dd,1.220096082,Bacteria,Verrucomicrobia,[Pedosphaerae],[Pedosphaerales],NA,NA,NA
d1228783fa00a6a7bd109f0962910301,1.045496205,Bacteria,Planctomycetes,Planctomycetia,Gemmatales,Gemmataceae,NA,NA
d1977349b6ea462eaa044a6bf373190a,1.272799636,Bacteria,Proteobacteria,Deltaproteobacteria,MIZ46,NA,NA,NA
d215fe9f13b46061ae441d081d3af7f9,1.220065315,Bacteria,Proteobacteria,Alphaproteobacteria,Ellin329,NA,NA,NA
d2494926ee7aa5fded77e06d7194741d,1.697018592,Bacteria,Proteobacteria,Gammaproteobacteria,Vibrionales,Pseudoalteromonadaceae,Pseudoalteromonas,NA
d276406ad1431f9a0de54a7c5b078a35,1.14669318,Bacteria,Acidobacteria,Acidobacteriia,Acidobacteriales,Acidobacteriaceae,NA,NA
d29296186401444862e1eee9c67e2520,1.25669054,Bacteria,Firmicutes,Clostridia,Clostridiales,Ruminococcaceae,Ethanoligenens,NA
d36a65fe8d9acaae7f53e312d389ad2b,1.828472517,Bacteria,Firmicutes,Clostridia,Clostridiales,Christensenellaceae,NA,NA
d39d7997d3335b9fe5e5afcbf8fb8773,1.033333851,Bacteria,[Thermi],Deinococci,Thermales,Thermaceae,Thermus,NA
d3cf3ed2a5e069717b089767b02e9a20,1.283319248,Bacteria,Proteobacteria,NA,NA,NA,NA,NA
d41824b8a59f660de5675cf92265a202,1.28895165,Bacteria,Firmicutes,Bacilli,Bacillales,Paenibacillaceae,Paenibacillus,NA
d42736dbd24d6f4d9d92e2aba1c85273,1.14415029,Bacteria,Verrucomicrobia,[Pedosphaerae],[Pedosphaerales],Ellin515,NA,NA
d47bfa37f421d5e9aade85b9db1fe015,1.337654681,Bacteria,Firmicutes,Clostridia,Thermoanaerobacterales,Thermoanaerobacteraceae,Thermacetogenium,NA
d4a6d6572b36b71e320afad42f661b43,1.813436464,Bacteria,Acidobacteria,Solibacteres,Solibacterales,NA,NA,NA
d51044ee195735bd0f661414a075e820,1.391511687,Bacteria,Planctomycetes,Planctomycetia,Gemmatales,Isosphaeraceae,NA,NA
d515d6001c1142c02c09dd2b87123679,1.331197336,Bacteria,Actinobacteria,Acidimicrobiia,Acidimicrobiales,NA,NA,NA
d523f8776c2bb20152fdf35018d6adbb,1.714871767,Bacteria,Proteobacteria,Deltaproteobacteria,Myxococcales,Myxococcaceae,NA,NA
d55eef8022adfe6cf7754d6f12061516,1.690223802,Archaea,Crenarchaeota,MCG,pGrfC26,NA,NA,NA
d598766ac1b02f1f0610475307e4a430,1.541465252,Bacteria,Firmicutes,Clostridia,Clostridiales,Ruminococcaceae,Ethanoligenens,NA
d5e6f3ab1da98fd9c5a4ec921633f645,2.02060523,Bacteria,Acidobacteria,Acidobacteriia,Acidobacteriales,Acidobacteriaceae,NA,NA
d62ee00c123f1f54e0e3e290aeb54266,2.68057968,Bacteria,Firmicutes,Clostridia,Clostridiales,Ruminococcaceae,Ethanoligenens,NA
d660812b657776b69ff82c5bbd65c217,1.505626426,Bacteria,Actinobacteria,Actinobacteria,Actinomycetales,NA,NA,NA
d66b6255757744952137b00ee2341e8e,1.041296795,Bacteria,Actinobacteria,Actinobacteria,Actinomycetales,NA,NA,NA
d7039c5ef77a4a60e3e8216d0223585d,2.612650668,Bacteria,Cyanobacteria,Nostocophycideae,Nostocales,Nostocaceae,Nostoc,NA
d7161df13bef0958a979d430bee9bed1,1.180163694,Bacteria,Proteobacteria,Deltaproteobacteria,Syntrophobacterales,Syntrophorhabdaceae,NA,NA
d716b787eb32cbbe5d8a7aeabe83226c,1.546425852,Bacteria,Elusimicrobia,Elusimicrobia,FAC88,NA,NA,NA
d7cba7927d0203daf965cd94aa5ba903,1.17053454,Bacteria,OD1,NA,NA,NA,NA,NA
d95f7821d3e2182ee4b267bdabcfc8b2,2.210941488,Bacteria,Proteobacteria,Alphaproteobacteria,Rhizobiales,Hyphomicrobiaceae,Rhodoplanes,NA
d9a8f512b99c6246c438e5b897437a19,1.388023563,Bacteria,Acidobacteria,DA052,Ellin6513,NA,NA,NA
d9ab661ab90b6bbf15777451f7970bb0,1.048073452,Bacteria,Verrucomicrobia,[Pedosphaerae],[Pedosphaerales],auto67_4W,NA,NA
d9b867f095292edc2c43afc4df5ae096,1.137974669,Bacteria,Spirochaetes,Spirochaetes,Spirochaetales,Spirochaetaceae,NA,NA
da6e2b3f0597a10c3b6d2fa9de7f4f28,1.259812779,Bacteria,Cyanobacteria,Chloroplast,Streptophyta,NA,NA,NA
da8c9f7610df76c0e1876c16b937e947,1.077108416,Bacteria,Acidobacteria,Solibacteres,Solibacterales,Solibacteraceae,Candidatus Solibacter,NA
db798b38ff6900c53fa07a7d267f7d2e,1.392142925,Bacteria,Proteobacteria,Gammaproteobacteria,Pasteurellales,Pasteurellaceae,Haemophilus,parainfluenzae
dc3e079a5e29fc49dd15c8fb6d46e2f1,1.355992707,Bacteria,Planctomycetes,Planctomycetia,Gemmatales,Isosphaeraceae,NA,NA
dc57dd843666fee0e7a275b53f4a8dc5,1.113639001,Archaea,Crenarchaeota,MBGA,NRP-J,NA,NA,NA
dc8347edd50b7d8903019e09501aea9b,1.152289952,Bacteria,Proteobacteria,NA,NA,NA,NA,NA
dc86f1fd1b65da613628e0814b3f743c,1.892814719,Bacteria,Firmicutes,Clostridia,Clostridiales,Ruminococcaceae,Ethanoligenens,NA
dcd8782593e38c7c02befeb347e61a46,2.239047677,Bacteria,Firmicutes,Clostridia,Clostridiales,Ruminococcaceae,Ethanoligenens,NA
df1f0dcb56e65d3892291d89224eeb89,1.392083712,Bacteria,Proteobacteria,Alphaproteobacteria,Rhodospirillales,Acetobacteraceae,NA,NA
df38b8c3ba662582bd6df3f7e26b0ac0,1.073519879,Bacteria,Firmicutes,Clostridia,Clostridiales,Veillonellaceae,NA,NA
df47f37e17e3b0fe5f3677291310b51b,1.281659543,Bacteria,OD1,ZB2,NA,NA,NA,NA
df5abfe7e091b77f4a202c312a054e4d,1.175967298,Bacteria,Planctomycetes,Planctomycetia,Pirellulales,Pirellulaceae,A17,NA
e0036ab809abc9f11f14aaf861c11b03,1.533142463,Bacteria,Verrucomicrobia,[Methylacidiphilae],S-BQ2-57,NA,NA,NA
e035ec2d68b5cf2921504066cc0ac431,1.084654621,Bacteria,TM6,SJA-4,NA,NA,NA,NA
e041861731a801878dbc7bf3f32f36df,1.164299582,Archaea,Euryarchaeota,Methanobacteria,Methanobacteriales,Methanobacteriaceae,Methanobacterium,NA
e0a419a18810f85ca4c77d9ce5550ec9,1.169368987,Bacteria,Firmicutes,Clostridia,Clostridiales,Ruminococcaceae,Ethanoligenens,NA
e0d100b2393756842d91620f063f2125,1.193812994,Bacteria,Proteobacteria,Deltaproteobacteria,MIZ46,NA,NA,NA
e112d2df28f62a6731f4923f1022e41c,1.173999264,Bacteria,Chlamydiae,Chlamydiia,Chlamydiales,Rhabdochlamydiaceae,Candidatus Rhabdochlamydia,NA
e12c27a6d81633bef89d60909f5ba53f,1.276356714,Bacteria,Chlamydiae,Chlamydiia,Chlamydiales,NA,NA,NA
e164a76d859fa97bf84066c6098c5da5,1.084892177,Bacteria,TM6,SJA-4,NA,NA,NA,NA
e1b18bfa5785859ded0ff28794986c32,1.127212526,Bacteria,Proteobacteria,Alphaproteobacteria,Rhodospirillales,Acetobacteraceae,NA,NA
e202f6f72bc2301feeb7b63264e3f0f8,1.092967473,Bacteria,TM6,SJA-4,S1198,NA,NA,NA
e22f1efc87552cb7a91e925eb8e1076c,1.448113969,Bacteria,Actinobacteria,Acidimicrobiia,Acidimicrobiales,NA,NA,NA
e286a4ee1d94cf94e8fd8821955a670c,1.24186946,Bacteria,Chlamydiae,Chlamydiia,Chlamydiales,NA,NA,NA
e2dbbbabac4b63ba1e1477b5fa14eddf,1.623554478,Bacteria,Acidobacteria,DA052,Ellin6513,NA,NA,NA
e3dd2cf0f1d90775289f77dee5b595cc,1.100469962,Archaea,Crenarchaeota,MCG,pGrfC26,NA,NA,NA
e53f7f19efa0d4adb36f2b0c3c949ffd,1.418379158,Archaea,Crenarchaeota,MBGA,NA,NA,NA,NA
e57231c41108f91d099902edbaeafa68,1.23068411,Bacteria,OD1,SM2F11,NA,NA,NA,NA
e57bd01a4de54f8a5782cd4721b569bd,1.070398583,Bacteria,Planctomycetes,Planctomycetia,Gemmatales,Gemmataceae,NA,NA
e5a37d12436727bdf2b62c5487f0004e,1.085937991,Bacteria,Proteobacteria,Alphaproteobacteria,Rhodospirillales,Acetobacteraceae,NA,NA
e5d85195f4302113c5f1499d23c4c092,2.022823829,Bacteria,Armatimonadetes,Armatimonadia,FW68,NA,NA,NA
e5fd95714f0045059a40bd57741a653a,1.156141011,Archaea,Euryarchaeota,Thermoplasmata,E2,[Methanomassiliicoccaceae],NA,NA
e60a5646c9b77bb1669e75eb9214977a,1.060113223,Bacteria,Planctomycetes,Planctomycetia,Pirellulales,Pirellulaceae,NA,NA
e61807e0bae38bfd1c3b158998b2ee65,1.030321901,Bacteria,Acidobacteria,Acidobacteriia,Acidobacteriales,Koribacteraceae,NA,NA
e6de6c2fa025f11fb60aef28518999cc,1.765253603,Bacteria,Acidobacteria,Solibacteres,Solibacterales,Solibacteraceae,Candidatus Solibacter,NA
e72581da91dc8b0a556e26e2c1949949,1.011951055,Bacteria,Planctomycetes,Phycisphaerae,WD2101,NA,NA,NA
e786916c9e692e8b443099e767c58e97,1.01672778,Bacteria,Actinobacteria,Acidimicrobiia,Acidimicrobiales,NA,NA,NA
e7b34f9908405153daa35ae3f490cec7,2.24094443,Bacteria,Acidobacteria,Acidobacteriia,Acidobacteriales,Koribacteraceae,NA,NA
e7d60617d5e41f3ed04184487fe04ffb,1.035328997,Bacteria,Verrucomicrobia,[Spartobacteria],[Chthoniobacterales],[Chthoniobacteraceae],NA,NA
e7dfa136daac7b1f97d4e94011e750e6,1.975884997,Bacteria,Acidobacteria,Acidobacteriia,Acidobacteriales,Koribacteraceae,NA,NA
e88bdba8169aee90fad270d7f0f5c2bd,2.291628079,Bacteria,Firmicutes,Clostridia,Clostridiales,Clostridiaceae,Clostridium,NA
e89f36d410e8b7cac01d892fe088b5b8,1.237952226,Bacteria,Actinobacteria,Actinobacteria,Actinomycetales,Intrasporangiaceae,NA,NA
e8afe1a4b6308022adc6cab7a494147e,1.121457528,Bacteria,Elusimicrobia,Elusimicrobia,FAC88,NA,NA,NA
e8db863823c5b80336164d86c6eb526f,1.889511557,Bacteria,Acidobacteria,DA052,Ellin6513,NA,NA,NA
eac382abaa9173169eebe1be788c684d,1.337143088,Bacteria,Proteobacteria,Alphaproteobacteria,Rhizobiales,Methylocystaceae,NA,NA
eac3ea5e75b602197397b3d4ac9259c6,1.31798047,Bacteria,Firmicutes,Clostridia,Clostridiales,Ruminococcaceae,Ethanoligenens,NA
ec09759d7e33aeddd9ac3cd2f07e45dd,1.047941688,Bacteria,Proteobacteria,Betaproteobacteria,Burkholderiales,Oxalobacteraceae,Janthinobacterium,NA
ec1e40566e3ec3dba524378a4d663fe5,1.067832852,Bacteria,Acidobacteria,Solibacteres,Solibacterales,NA,NA,NA
ec600c8754f5a5f7f469833a6baf045e,1.158717433,Bacteria,Acidobacteria,Solibacteres,Solibacterales,Solibacteraceae,NA,NA
eca70e45ef5a10474e4ccafe6f2005a2,2.706122625,Bacteria,Acidobacteria,Acidobacteriia,Acidobacteriales,Koribacteraceae,NA,NA
ecdc20697cbadf348dc620ddd48db595,1.144705126,Bacteria,Proteobacteria,Gammaproteobacteria,Legionellales,Coxiellaceae,NA,NA
ed28063d60ca7bb4021e152768d328b6,1.120259284,Bacteria,Proteobacteria,Betaproteobacteria,Burkholderiales,Comamonadaceae,Hydrogenophaga,NA
ed9f7fa7ea012090d6595f3b8480f08c,1.28075809,Bacteria,Acidobacteria,Acidobacteriia,Acidobacteriales,Acidobacteriaceae,Edaphobacter,NA
ee322c8baf8ef56dd5eebf4508103b74,1.120565912,Bacteria,Planctomycetes,Planctomycetia,Gemmatales,Gemmataceae,NA,NA
ee45b6ed99cb05f2754d1ce4df7a3d84,1.006418726,Bacteria,Acidobacteria,Solibacteres,Solibacterales,NA,NA,NA
ee5570c91370959658a57f5d1fa9449f,1.300749441,Bacteria,Actinobacteria,Thermoleophilia,Solirubrobacterales,NA,NA,NA
ee99f390847ac141e6b5aa8b7bf1db6e,1.904628487,Bacteria,Verrucomicrobia,[Pedosphaerae],[Pedosphaerales],NA,NA,NA
ef3786d870671fbfe3305c0e7f211dc0,1.508812451,Bacteria,Chlamydiae,Chlamydiia,Chlamydiales,Rhabdochlamydiaceae,Candidatus Rhabdochlamydia,NA
ef8ac5e430543fbc4fbb96b3e8b5f1a5,1.100779815,Bacteria,Verrucomicrobia,[Pedosphaerae],[Pedosphaerales],auto67_4W,NA,NA
f01cb47e6038ec3b330dba388242f194,1.673246572,Bacteria,Actinobacteria,Thermoleophilia,Solirubrobacterales,NA,NA,NA
f0c6bbb76e9f5abaf343a4d2d974472c,1.924928695,Bacteria,Proteobacteria,Alphaproteobacteria,Rhizobiales,Methylocystaceae,Methylosinus,NA
f0e02e62ac615143a7d1a88fed198e02,1.678603328,Bacteria,Acidobacteria,Solibacteres,Solibacterales,NA,NA,NA
f10dca30af56677db7aba8f623888b71,1.26791729,Bacteria,Proteobacteria,Alphaproteobacteria,Rhodospirillales,Acetobacteraceae,NA,NA
f1ad98a9e8cba1bbbb7ce7e3eb516f91,1.150939147,Bacteria,Chloroflexi,Anaerolineae,H39,NA,NA,NA
f1bbb6a83ce6f86cffc44103e6078ee1,1.169003377,Bacteria,Proteobacteria,Deltaproteobacteria,Myxococcales,Polyangiaceae,NA,NA
f1e5f60cda25b31235fa22d35da7d5da,1.176029116,Bacteria,Proteobacteria,Alphaproteobacteria,Caulobacterales,Caulobacteraceae,Phenylobacterium,NA
f2486bb9f97a6e30283bafe3bab5f761,1.056028779,Bacteria,TM6,SJA-4,NA,NA,NA,NA
f2856f2a43e6c1d75885d61ad4e0ff7a,1.217298857,Bacteria,Firmicutes,Clostridia,Clostridiales,Ruminococcaceae,Ethanoligenens,NA
f2957b7b0d0ae06b28d5234d90073f06,1.194918877,Bacteria,Proteobacteria,Alphaproteobacteria,Ellin329,NA,NA,NA
f3b8ee0563d6dc2249cbb6910cf07ba3,1.450832484,Bacteria,Acidobacteria,Acidobacteriia,Acidobacteriales,Acidobacteriaceae,NA,NA
f3e04a40bb51a1cedac4b17454c5498a,1.16823191,Bacteria,Proteobacteria,Alphaproteobacteria,Rhizobiales,Hyphomicrobiaceae,Rhodoplanes,NA
f3f2977b4ef59357410d206dd9987c0b,1.222059889,Bacteria,Acidobacteria,Solibacteres,Solibacterales,Solibacteraceae,Candidatus Solibacter,NA
f43e7b293f9d77a4b2cb6e9bf477e268,1.326120618,Bacteria,Verrucomicrobia,[Pedosphaerae],[Pedosphaerales],NA,NA,NA
f46ecbe23f9c4d32995b4600ea0d9d12,1.204978028,Bacteria,Proteobacteria,Alphaproteobacteria,Rhodospirillales,Rhodospirillaceae,NA,NA
f548b76e251f0e3002e5de9f40156d9a,1.135825712,Bacteria,Proteobacteria,Gammaproteobacteria,Methylococcales,Crenotrichaceae,Crenothrix,NA
f599fcd911b2bde80ce9203ea99b4deb,1.123025317,Bacteria,Proteobacteria,Betaproteobacteria,Burkholderiales,Alcaligenaceae,Achromobacter,NA
f75a41042fb8b274dd5fa023d1e6c903,1.100075512,Bacteria,Proteobacteria,Betaproteobacteria,Burkholderiales,Comamonadaceae,Rhodoferax,NA
f795c7e288659a98dd356997461fcd53,1.849383954,Bacteria,Proteobacteria,Alphaproteobacteria,Rhizobiales,Hyphomicrobiaceae,Rhodoplanes,NA
f7a3983b540be7f8f9cf2051576b9a01,1.251203831,Bacteria,Chlamydiae,Chlamydiia,Chlamydiales,Parachlamydiaceae,NA,NA
f7c70655b3332cd41a6f6b93e65ad784,1.099987782,Bacteria,OD1,ZB2,NA,NA,NA,NA
f7ed10b5bd7da1988de325bc8b013323,1.295326259,Bacteria,Proteobacteria,Alphaproteobacteria,Rhodospirillales,Acetobacteraceae,Acidocella,NA
f85f4da76db2776048f40218de23a5dd,1.138204225,Bacteria,Proteobacteria,Gammaproteobacteria,Legionellales,NA,NA,NA
f8cc84fa9d6c23cf89911b2eff27f0cf,1.041976728,Bacteria,Proteobacteria,Alphaproteobacteria,Ellin329,NA,NA,NA
f99b468cf1b40fdfe90d54b80501d875,1.239329359,Bacteria,Proteobacteria,Gammaproteobacteria,Xanthomonadales,Sinobacteraceae,NA,NA
f9c78097f193cfadb2693a10bca61f53,1.17337603,Bacteria,Acidobacteria,Solibacteres,Solibacterales,NA,NA,NA
fa87a3ed888b44bab9d77e04cbb99665,1.397643593,Bacteria,Proteobacteria,Alphaproteobacteria,Sphingomonadales,Sphingomonadaceae,Sphingobium,yanoikuyae
fb0f29273602185dd956ad4f1a8f7afc,1.515975447,Bacteria,Firmicutes,Clostridia,Clostridiales,Ruminococcaceae,Ethanoligenens,NA
fb1dbd03f77b833eeacfb991ad03cafb,1.081086074,Bacteria,Proteobacteria,Alphaproteobacteria,Rhodospirillales,Acetobacteraceae,Acidocella,NA
fb488e6d2ee8f339a5509f5770b252df,1.019527909,Bacteria,Proteobacteria,Gammaproteobacteria,Pseudomonadales,Moraxellaceae,Psychrobacter,NA
fb81574d887fa68041a84122487a0e47,1.001053532,Bacteria,Firmicutes,Clostridia,Clostridiales,Veillonellaceae,Veillonella,dispar
fbbbe44796cc54c181e7ca35c0d362d4,1.265424763,Bacteria,Proteobacteria,Alphaproteobacteria,Caulobacterales,Caulobacteraceae,Mycoplana,NA
fc13b00e62047a444738a267bd5a7912,1.093911488,Bacteria,Proteobacteria,Gammaproteobacteria,Xanthomonadales,Sinobacteraceae,NA,NA
fc8ea4ce99694c6d49bda52fd27ae582,1.887537442,Bacteria,Cyanobacteria,Chloroplast,Streptophyta,NA,NA,NA
fca1a9ca2c9658726e743089056e48c4,1.856870349,Bacteria,Cyanobacteria,4C0d-2,MLE1-12,NA,NA,NA
fd92766c35e8197b32d381068af9ebeb,1.812924443,Bacteria,Proteobacteria,Gammaproteobacteria,Xanthomonadales,Sinobacteraceae,NA,NA
fe1d26ba3c88db6b1cfdbf416329704e,1.325440627,Bacteria,Proteobacteria,Betaproteobacteria,Methylophilales,Methylophilaceae,NA,NA
ff390a4579541d1381db3a72c9999263,1.286690181,Bacteria,Proteobacteria,Alphaproteobacteria,Caulobacterales,Caulobacteraceae,NA,NA
ffcc7abf1b573b00428e7526c5609010,1.557521519,Bacteria,Proteobacteria,Alphaproteobacteria,Sphingomonadales,Sphingomonadaceae,Novosphingobium,NA
ffdc01ba7170b4114d246c3078231f4b,1.156995641,Bacteria,Proteobacteria,Alphaproteobacteria,Rhizobiales,NA,NA,NA
